City_ID,City,Country,Date,Lat,Lng,Max Temp,Humidity,Cloudiness,Wind Speed
0,Nouadhibou,MR,2020-06-28 16:04:35,20.93,-17.03,77.0,61,0,24.16
1,Dikson,RU,2020-06-28 16:06:20,73.51,80.55,43.97,100,100,9.04
2,Aksu,CN,2020-06-28 16:06:21,41.12,80.26,71.13,33,100,4.83
3,Lavrentiya,RU,2020-06-28 16:04:33,65.58,-171.0,38.88,81,41,9.24
4,Tornio,FI,2020-06-28 16:06:21,65.85,24.15,66.2,48,1,6.93
5,Qaanaaq,GL,2020-06-28 16:06:21,77.48,-69.36,43.79,63,29,4.5
6,Constitucion,CL,2020-06-28 16:06:21,-35.33,-72.42,54.0,93,100,15.93
7,Hualmay,PE,2020-06-28 16:04:25,-11.1,-77.61,66.79,68,52,9.04
8,East London,ZA,2020-06-28 16:06:22,-33.02,27.91,64.42,46,22,22.48
9,Jamestown,US,2020-06-28 16:06:22,42.1,-79.24,71.6,64,20,11.41
10,Nanortalik,GL,2020-06-28 16:06:22,60.14,-45.24,44.01,80,100,10.51
11,Weligama,LK,2020-06-28 16:06:22,5.97,80.42,80.98,85,83,10.27
12,Nizhniy Kuranakh,RU,2020-06-28 16:06:22,58.84,125.49,61.88,60,20,1.72
13,Carmen,MX,2020-06-28 16:03:51,18.63,-91.83,82.4,78,40,14.99
14,New Norfolk,AU,2020-06-28 16:06:13,-42.78,147.06,42.01,91,41,2.75
15,Rikitea,PF,2020-06-28 16:03:54,-23.12,-134.97,68.02,64,9,19.86
16,Bay Roberts,CA,2020-06-28 16:06:23,47.6,-53.26,68.0,93,90,3.36
17,Zyryanovsk,KZ,2020-06-28 16:06:23,49.74,84.27,53.4,64,100,0.13
18,Kailua,US,2020-06-28 16:06:23,21.4,-157.74,75.2,73,40,4.7
19,Monteagudo,BO,2020-06-28 16:06:23,-19.82,-63.98,68.34,32,0,4.92
20,Saint-Philippe,RE,2020-06-28 16:06:23,-21.36,55.77,70.0,83,34,3.36
21,Torbay,CA,2020-06-28 16:04:03,47.67,-52.73,68.0,87,75,8.05
22,San Ramon,US,2020-06-28 16:05:32,37.78,-121.98,62.01,63,75,12.75
23,Chimbote,PE,2020-06-28 16:04:42,-9.09,-78.58,68.7,68,54,9.57
24,Kavieng,PG,2020-06-28 16:06:23,-2.57,150.8,82.53,79,35,12.33
25,Carnarvon,AU,2020-06-28 16:04:12,-24.87,113.63,68.0,100,40,8.05
26,Poum,NC,2020-06-28 16:06:23,-20.23,164.02,71.2,70,4,9.66
27,Bluff,NZ,2020-06-28 16:06:20,-46.6,168.33,47.26,75,81,11.92
28,Castro,BR,2020-06-28 16:06:24,-24.79,-50.01,54.68,85,100,6.2
29,Upernavik,GL,2020-06-28 16:06:24,72.79,-56.15,41.63,70,0,8.93
30,Jacqueville,CI,2020-06-28 16:06:24,5.21,-4.41,77.0,88,20,11.41
31,Hilo,US,2020-06-28 16:06:19,19.73,-155.09,71.6,83,20,4.7
32,Ostrovnoy,RU,2020-06-28 16:04:21,68.05,39.51,43.18,75,91,6.22
33,Norman Wells,CA,2020-06-28 16:06:24,65.28,-126.83,57.2,62,20,6.93
34,Tasiilaq,GL,2020-06-28 16:06:24,65.61,-37.64,44.6,81,100,17.22
35,Hobart,AU,2020-06-28 16:05:28,-42.88,147.33,44.6,81,90,8.05
36,Cedar City,US,2020-06-28 16:03:37,37.68,-113.06,78.8,22,1,24.16
37,Avarua,CK,2020-06-28 16:02:51,-21.21,-159.78,71.6,68,56,5.82
38,Huarmey,PE,2020-06-28 16:06:24,-10.07,-78.15,68.74,66,35,10.09
39,Itarema,BR,2020-06-28 16:04:21,-2.92,-39.92,86.09,61,25,13.82
40,Tuktoyaktuk,CA,2020-06-28 16:06:13,69.45,-133.04,39.2,93,75,3.36
41,Hot Springs,US,2020-06-28 16:03:00,34.5,-93.06,84.2,66,75,8.05
42,Shangqiu,CN,2020-06-28 16:06:25,34.45,115.65,75.0,85,100,1.99
43,Lorengau,PG,2020-06-28 16:04:19,-2.02,147.27,81.18,80,92,8.14
44,Magog,CA,2020-06-28 16:02:37,45.27,-72.15,73.99,77,75,5.82
45,Xam Nua,LA,2020-06-28 16:06:25,20.42,104.04,71.89,82,57,2.53
46,Portland,US,2020-06-28 16:06:20,45.52,-122.68,60.01,67,75,10.29
47,Jaisalmer,IN,2020-06-28 16:03:17,26.91,70.92,100.6,34,0,20.78
48,Jinchang,CN,2020-06-28 16:05:14,38.5,102.17,75.0,21,0,3.06
49,Artvin,TR,2020-06-28 16:04:32,41.17,41.83,75.2,83,20,6.93
50,Atuona,PF,2020-06-28 16:06:25,-9.8,-139.03,79.63,79,59,14.61
51,Port Alfred,ZA,2020-06-28 16:06:25,-33.59,26.89,61.0,70,9,7.0
52,Xinxiang,CN,2020-06-28 16:06:25,35.31,113.87,77.13,72,92,8.03
53,Corbelia,BR,2020-06-28 16:06:26,-24.8,-53.31,65.03,80,46,7.14
54,Chokurdakh,RU,2020-06-28 16:06:26,70.63,147.92,53.38,59,100,10.83
55,Vostochnyy,RU,2020-06-28 16:06:26,55.82,37.87,79.0,60,72,8.95
56,Angoche,MZ,2020-06-28 16:06:26,-16.23,39.91,75.43,81,0,7.83
57,Nyurba,RU,2020-06-28 16:06:26,63.28,118.33,65.95,57,49,3.87
58,Geraldton,AU,2020-06-28 16:06:26,-28.77,114.6,68.0,72,75,23.04
59,Lebu,CL,2020-06-28 16:06:26,-37.62,-73.65,53.4,93,96,14.43
60,Busselton,AU,2020-06-28 16:04:03,-33.65,115.33,50.0,92,100,3.0
61,Qui Nhon,VN,2020-06-28 16:06:26,13.77,109.23,82.8,76,100,4.36
62,Cape Town,ZA,2020-06-28 16:05:19,-33.93,18.42,62.01,59,20,8.05
63,Tabuk,PH,2020-06-28 16:06:26,17.42,121.44,75.56,87,100,2.42
64,Cabo San Lucas,MX,2020-06-28 16:02:52,22.89,-109.91,82.99,61,90,1.99
65,Ornskoldsvik,SE,2020-06-28 16:06:27,63.29,18.72,68.0,34,0,10.29
66,Yellowknife,CA,2020-06-28 16:06:27,62.46,-114.35,62.01,51,75,10.29
67,Russell,US,2020-06-28 16:04:13,32.35,-85.2,87.8,62,75,10.29
68,Meulaboh,ID,2020-06-28 16:04:31,4.14,96.13,79.39,84,97,4.03
69,Khatanga,RU,2020-06-28 16:06:27,71.97,102.5,77.09,43,44,11.01
70,Tezu,IN,2020-06-28 16:06:27,27.92,96.17,75.56,77,34,3.11
71,Mataura,NZ,2020-06-28 16:03:58,-46.19,168.86,41.68,90,99,4.32
72,Sri Aman,MY,2020-06-28 16:06:27,1.24,111.46,80.6,88,92,1.12
73,Tutin,RS,2020-06-28 16:06:27,42.99,20.33,72.52,73,98,2.59
74,Mosquera,CO,2020-06-28 16:06:27,4.71,-74.23,56.1,81,100,0.96
75,Kapaa,US,2020-06-28 16:05:16,22.08,-159.32,73.4,94,75,4.7
76,Sept-Iles,CA,2020-06-28 16:06:27,50.2,-66.38,59.0,87,75,10.29
77,Yeppoon,AU,2020-06-28 16:06:28,-23.13,150.73,60.8,77,75,5.82
78,Kaitangata,NZ,2020-06-28 16:06:28,-46.28,169.85,46.0,73,100,8.01
79,Sitka,US,2020-06-28 16:06:28,57.05,-135.33,53.6,81,75,9.17
80,Georgetown,MY,2020-06-28 16:04:27,5.41,100.34,86.0,74,40,10.29
81,Hermanus,ZA,2020-06-28 16:06:28,-34.42,19.23,59.0,73,28,3.0
82,Eureka,US,2020-06-28 16:02:37,40.8,-124.16,60.8,63,1,5.82
83,Bredasdorp,ZA,2020-06-28 16:04:16,-34.53,20.04,60.8,63,33,9.17
84,Roma,US,2020-06-28 16:03:43,43.21,-75.46,75.0,78,90,6.93
85,Nikolskoye,RU,2020-06-28 16:06:28,59.7,30.79,68.0,40,0,11.18
86,Ushuaia,AR,2020-06-28 16:06:28,-54.8,-68.3,35.6,69,75,19.46
87,Novorzhev,RU,2020-06-28 16:06:28,57.03,29.33,77.41,64,41,5.46
88,Oussouye,SN,2020-06-28 16:06:28,12.48,-16.55,93.2,74,40,6.93
89,Inowroclaw,PL,2020-06-28 16:06:29,52.8,18.26,86.0,45,40,11.41
90,Acapulco,MX,2020-06-28 16:06:20,16.86,-99.89,84.2,66,20,5.82
91,Victoria,HK,2020-06-28 16:01:54,22.29,114.16,84.0,78,99,8.05
92,Shemonaikha,KZ,2020-06-28 16:06:29,50.63,81.91,55.92,59,91,4.14
93,Punta Arenas,CL,2020-06-28 16:06:09,-53.15,-70.92,32.0,86,0,5.82
94,Laguna,US,2020-06-28 16:06:29,38.42,-121.42,68.0,67,1,13.87
95,Ribeira Grande,PT,2020-06-28 16:04:04,38.52,-28.7,71.6,88,75,17.22
96,Esperance,AU,2020-06-28 16:06:29,-33.87,121.9,57.2,93,90,17.22
97,Rugeley,GB,2020-06-28 16:06:29,52.76,-1.94,59.0,61,97,11.01
98,Saskylakh,RU,2020-06-28 16:04:00,71.92,114.08,69.39,52,92,8.86
99,Tiksi,RU,2020-06-28 16:06:29,71.69,128.87,40.06,71,91,3.49
100,Mar Del Plata,AR,2020-06-28 16:05:22,-38.0,-57.56,48.2,76,20,4.7
101,Sindor,RU,2020-06-28 16:06:30,62.86,51.89,46.2,72,96,7.16
102,Ilheus,BR,2020-06-28 16:06:24,-14.79,-39.05,80.04,58,12,5.59
103,Alta Floresta,BR,2020-06-28 16:06:30,-9.88,-56.09,89.35,40,0,6.78
104,Vaini,TO,2020-06-28 16:06:30,-21.2,-175.2,75.2,94,75,4.7
105,Arraial Do Cabo,BR,2020-06-28 16:06:29,-22.97,-42.03,75.2,73,40,16.11
106,Roald,NO,2020-06-28 16:06:30,62.58,6.13,62.6,82,75,9.17
107,Albany,US,2020-06-28 16:06:16,42.6,-73.97,71.6,83,90,4.7
108,Jalu,LY,2020-06-28 16:06:30,29.03,21.55,95.68,16,0,13.51
109,Jaciara,BR,2020-06-28 16:06:30,-15.97,-54.97,88.88,42,17,1.83
110,Cherskiy,RU,2020-06-28 16:04:10,68.75,161.3,38.5,76,94,7.61
111,Port Lincoln,AU,2020-06-28 16:06:30,-34.73,135.87,52.54,56,0,10.83
112,Reconquista,AR,2020-06-28 16:06:30,-29.15,-59.65,58.82,58,52,6.98
113,Mount Isa,AU,2020-06-28 16:06:30,-20.73,139.5,60.8,48,0,5.82
114,Shelburne,CA,2020-06-28 16:06:30,44.08,-80.2,75.2,64,1,6.93
115,Asyut,EG,2020-06-28 16:06:31,27.18,31.18,96.8,25,0,11.41
116,Faanui,PF,2020-06-28 16:04:04,-16.48,-151.75,76.33,79,59,23.85
117,Port Macquarie,AU,2020-06-28 16:06:31,-31.43,152.92,48.99,91,13,7.94
118,Pokhara,NP,2020-06-28 16:06:31,28.23,83.98,71.11,85,72,0.94
119,Gat,IL,2020-06-28 16:06:31,31.61,34.76,84.0,65,20,8.05
120,Creel,MX,2020-06-28 16:06:31,27.75,-107.63,64.42,60,41,4.38
121,Port Elizabeth,ZA,2020-06-28 16:06:31,-33.92,25.57,59.45,65,15,21.21
122,Kodiak,US,2020-06-28 16:06:31,57.79,-152.41,51.8,87,90,9.17
123,Naze,JP,2020-06-28 16:06:31,28.37,129.48,78.8,94,93,6.93
124,Kovernino,RU,2020-06-28 16:06:31,57.13,43.81,59.72,61,66,5.68
125,Talnakh,RU,2020-06-28 16:04:00,69.49,88.4,75.2,47,30,15.66
126,Katsuura,JP,2020-06-28 16:06:18,35.13,140.3,69.01,94,100,6.55
127,Yumen,CN,2020-06-28 16:04:23,40.28,97.2,72.16,27,0,13.42
128,La Ronge,CA,2020-06-28 16:03:04,55.1,-105.28,64.4,82,75,4.7
129,Biltine,TD,2020-06-28 16:06:32,14.53,20.92,97.63,23,56,7.0
130,San Luis,AR,2020-06-28 16:06:32,-33.3,-66.34,54.93,40,22,10.56
131,Mocuba,MZ,2020-06-28 16:06:32,-16.84,36.99,74.53,70,48,3.11
132,Champerico,GT,2020-06-28 16:06:32,14.3,-91.92,84.2,79,40,4.7
133,Price,US,2020-06-28 16:04:32,39.6,-110.81,71.6,30,20,14.74
134,Salmo,CA,2020-06-28 16:06:32,49.2,-117.27,50.0,85,97,1.01
135,Lowicz,PL,2020-06-28 16:06:32,52.11,19.95,84.99,45,30,12.75
136,Tzucacab,MX,2020-06-28 16:06:32,20.07,-89.05,89.42,55,51,5.44
137,Minot,US,2020-06-28 16:06:32,48.23,-101.3,78.8,78,75,10.29
138,Chuy,UY,2020-06-28 16:06:32,-33.7,-53.46,54.19,61,3,5.91
139,Puerto Ayora,EC,2020-06-28 16:06:32,-0.74,-90.35,75.2,73,75,11.41
140,Grindavik,IS,2020-06-28 16:06:32,63.84,-22.43,53.6,93,90,11.41
141,Yar-Sale,RU,2020-06-28 16:06:32,66.83,70.83,53.56,61,78,6.08
142,Mehamn,NO,2020-06-28 16:06:20,71.04,27.85,42.8,87,90,10.29
143,Izvestkovyy,RU,2020-06-28 16:06:33,48.98,131.55,55.45,95,100,2.06
144,Arrecife,ES,2020-06-28 16:06:33,28.96,-13.55,80.6,57,20,25.28
145,Aswan,EG,2020-06-28 16:04:32,24.09,32.91,104.2,10,34,10.94
146,Salalah,OM,2020-06-28 16:04:32,17.02,54.09,86.0,84,75,14.99
147,Hasaki,JP,2020-06-28 16:01:45,35.73,140.83,68.0,100,75,2.24
148,Letlhakeng,BW,2020-06-28 16:06:33,-24.09,25.03,60.26,30,0,7.45
149,Pangnirtung,CA,2020-06-28 16:06:33,66.15,-65.71,48.31,62,48,4.32
150,Pisco,PE,2020-06-28 16:04:10,-13.7,-76.22,62.6,82,90,3.36
151,Saint George,US,2020-06-28 16:04:36,37.1,-113.58,89.6,19,1,14.99
152,Fortuna,US,2020-06-28 16:06:33,40.6,-124.16,57.99,87,90,12.75
153,Hithadhoo,MV,2020-06-28 16:06:33,-0.6,73.08,85.68,68,100,8.05
154,Opuwo,NA,2020-06-28 16:06:33,-18.06,13.84,75.25,19,0,8.37
155,Pokosnoye,RU,2020-06-28 16:06:34,55.53,101.05,63.99,83,29,5.35
156,Iqaluit,CA,2020-06-28 16:02:44,63.75,-68.51,39.2,80,75,5.82
157,Ughelli,NG,2020-06-28 16:06:34,5.49,6.01,76.24,92,91,4.76
158,Sergeyevka,KZ,2020-06-28 16:06:34,53.88,67.42,55.67,81,18,10.33
159,Kalush,UA,2020-06-28 16:06:34,49.01,24.37,73.4,73,75,6.71
160,Cidreira,BR,2020-06-28 16:06:34,-30.18,-50.21,59.36,55,0,3.51
161,Pangai,TO,2020-06-28 16:06:34,-19.8,-174.35,77.95,83,100,13.89
162,Bartica,GY,2020-06-28 16:06:34,6.4,-58.62,73.4,94,75,16.11
163,Hambantota,LK,2020-06-28 16:06:04,6.12,81.12,82.4,88,75,8.05
164,Ilulissat,GL,2020-06-28 16:04:07,69.22,-51.1,41.0,80,75,5.82
165,Barrow,US,2020-06-28 16:06:34,71.29,-156.79,46.4,75,1,8.05
166,Xinan,CN,2020-06-28 16:06:34,26.72,119.86,77.14,91,100,1.34
167,Hofn,IS,2020-06-28 16:06:35,64.25,-15.21,62.6,67,75,21.92
168,Thompson,CA,2020-06-28 16:03:04,55.74,-97.86,59.0,93,90,8.05
169,Sidi Ali,DZ,2020-06-28 16:06:35,36.1,0.42,80.92,44,0,12.86
170,Richards Bay,ZA,2020-06-28 16:06:35,-28.78,32.04,69.31,56,18,10.45
171,Madimba,TZ,2020-06-28 16:06:35,-10.4,40.33,75.36,84,5,10.16
172,Imeni Poliny Osipenko,RU,2020-06-28 16:06:35,52.42,136.49,47.59,93,4,8.93
173,Namibe,AO,2020-06-28 16:04:46,-15.2,12.15,72.66,58,0,9.46
174,Beringovskiy,RU,2020-06-28 16:06:35,63.05,179.32,40.17,71,8,18.16
175,Marawi,PH,2020-06-28 16:06:35,8.0,124.29,73.99,94,100,1.74
176,Hovd,MN,2020-06-28 16:06:35,48.01,91.64,72.82,24,2,4.54
177,Pacific Grove,US,2020-06-28 16:02:39,36.62,-121.92,57.2,82,90,9.17
178,Bethel,US,2020-06-28 16:06:35,41.37,-73.41,82.99,61,40,6.93
179,Nioro,GM,2020-06-28 16:06:35,13.35,-15.75,99.18,31,55,12.1
180,Saldanha,ZA,2020-06-28 16:06:35,-33.01,17.94,60.8,72,13,4.7
181,Nyagan,RU,2020-06-28 16:06:36,62.14,65.39,53.82,74,62,5.75
182,Alofi,NU,2020-06-28 16:06:32,-19.06,-169.92,75.2,88,62,2.24
183,Boralday,KZ,2020-06-28 16:06:36,43.36,76.86,55.4,87,90,15.66
184,Longyearbyen,SJ,2020-06-28 16:06:36,78.22,15.64,42.8,70,75,9.17
185,Bilma,NE,2020-06-28 16:06:36,18.69,12.92,104.31,7,0,7.31
186,Nantucket,US,2020-06-28 16:01:48,41.28,-70.1,75.99,83,40,6.93
187,Lata,PT,2020-06-28 16:06:16,40.16,-8.33,84.0,53,0,11.23
188,Chegdomyn,RU,2020-06-28 16:06:36,51.12,133.02,57.02,93,95,1.25
189,Ponta Do Sol,PT,2020-06-28 16:06:36,32.67,-17.1,73.99,71,4,10.0
190,Aquitania,CO,2020-06-28 16:06:36,5.52,-72.89,53.96,91,100,4.54
191,Talcahuano,CL,2020-06-28 16:06:36,-36.72,-73.12,53.6,93,90,8.05
192,Hami,CN,2020-06-28 16:06:36,42.8,93.45,88.54,13,0,19.15
193,Solnechnyy,RU,2020-06-28 16:06:37,50.72,136.63,55.62,87,41,5.73
194,Novyy Urengoy,RU,2020-06-28 16:06:37,66.08,76.63,54.52,93,100,15.95
195,Kosino,RU,2020-06-28 16:06:37,58.41,51.28,53.53,76,7,7.67
196,Leningradskiy,RU,2020-06-28 16:06:37,69.38,178.42,29.01,98,96,4.74
197,Nizhniy Tsasuchey,RU,2020-06-28 16:06:37,50.52,115.13,63.46,62,100,3.4
198,Tura,IN,2020-06-28 16:04:08,25.52,90.22,75.58,95,49,7.2
199,Palu,ID,2020-06-28 16:06:37,-0.89,119.87,74.73,83,100,0.56
200,Saint-Augustin,CA,2020-06-28 16:06:37,51.23,-58.65,61.9,64,28,17.31
201,Kurchum,KZ,2020-06-28 16:06:37,48.57,83.65,62.24,38,100,6.91
202,Srednekolymsk,RU,2020-06-28 16:06:37,67.45,153.68,52.79,45,100,10.33
203,Zhangzhou,CN,2020-06-28 16:01:46,24.51,117.66,84.2,83,100,8.95
204,Codrington,AU,2020-06-28 16:06:37,-38.27,141.97,42.73,85,18,7.11
205,Bac Lieu,VN,2020-06-28 16:01:46,9.29,105.72,81.99,79,100,10.83
206,Matara,LK,2020-06-28 16:04:39,5.95,80.54,80.53,85,87,9.84
207,Osoyoos,CA,2020-06-28 16:04:12,49.03,-119.45,59.0,58,90,12.75
208,Arona,ES,2020-06-28 16:04:10,28.1,-16.68,80.6,54,20,28.86
209,Kingaroy,AU,2020-06-28 16:06:38,-26.53,151.83,53.01,94,90,3.0
210,Mackay,AU,2020-06-28 16:06:38,-21.15,149.2,64.4,88,40,9.17
211,Koslan,RU,2020-06-28 16:06:38,63.46,48.9,48.06,64,98,7.65
212,Rio Gallegos,AR,2020-06-28 16:01:54,-51.62,-69.22,23.0,85,20,9.17
213,Pevek,RU,2020-06-28 16:06:38,69.7,170.31,31.95,99,100,18.28
214,Sylva,RU,2020-06-28 16:06:38,58.03,56.76,59.0,54,40,6.71
215,Mendi,PG,2020-06-28 16:06:38,-6.18,143.65,55.67,99,100,1.61
216,Fort Abbas,PK,2020-06-28 16:06:38,29.19,72.85,107.35,20,0,11.3
217,Olinda,BR,2020-06-28 16:06:38,-8.01,-34.86,78.8,83,75,11.41
218,Tiarei,PF,2020-06-28 16:06:39,-17.53,-149.33,69.8,83,10,4.7
219,Dhule,IN,2020-06-28 16:06:39,20.9,74.78,83.14,74,92,6.73
220,Jepara,ID,2020-06-28 16:06:39,-5.17,105.7,76.35,90,8,1.43
221,Makakilo City,US,2020-06-28 16:06:39,21.35,-158.09,75.2,78,1,3.36
222,Klaksvik,FO,2020-06-28 16:06:39,62.23,-6.59,59.0,82,96,18.34
223,Lichinga,MZ,2020-06-28 16:04:22,-13.31,35.24,62.01,69,49,1.68
224,Coquimbo,CL,2020-06-28 16:06:18,-29.95,-71.34,55.4,82,75,3.36
225,Shubarshi,KZ,2020-06-28 16:06:39,48.59,57.19,80.51,28,83,10.38
226,Mezen,RU,2020-06-28 16:06:39,65.85,44.24,44.58,67,81,11.48
227,Jieshou,CN,2020-06-28 16:06:39,33.26,115.36,72.28,98,99,5.5
228,Luhyny,UA,2020-06-28 16:06:39,51.08,28.4,74.21,78,20,9.28
229,Muros,ES,2020-06-28 16:06:39,42.78,-9.06,66.99,92,89,4.0
230,Bhainsdehi,IN,2020-06-28 16:06:39,21.65,77.63,73.27,93,100,4.97
231,Caravelas,BR,2020-06-28 16:06:30,-17.71,-39.25,79.66,63,0,7.94
232,Nurota,UZ,2020-06-28 16:06:40,40.56,65.69,75.2,16,0,9.17
233,Kibaya,TZ,2020-06-28 16:06:40,-5.3,36.57,64.92,70,3,7.92
234,Humaita,BR,2020-06-28 16:06:40,-7.51,-63.02,92.19,43,81,4.83
235,Bengkulu,ID,2020-06-28 16:06:40,-3.8,102.27,78.03,87,40,6.06
236,Akdepe,TM,2020-06-28 16:06:40,42.06,59.38,82.4,23,100,9.17
237,Ulu-Telyak,RU,2020-06-28 16:06:40,54.91,56.97,51.1,92,27,5.82
238,Obo,CF,2020-06-28 16:06:40,5.4,26.49,77.13,85,10,1.77
239,Ulaanbaatar,MN,2020-06-28 16:06:40,47.91,106.88,62.6,67,40,6.71
240,Port Blair,IN,2020-06-28 16:06:40,11.67,92.75,83.32,78,100,9.4
241,Alice Springs,AU,2020-06-28 16:03:45,-23.7,133.88,39.2,51,0,7.02
242,Maltahohe,NA,2020-06-28 16:06:40,-24.83,16.98,61.5,24,0,8.97
243,San-Pedro,CI,2020-06-28 16:06:40,4.75,-6.64,79.34,73,61,11.99
244,Saint Anthony,US,2020-06-28 16:06:41,45.02,-93.22,82.99,48,1,12.75
245,Winneba,GH,2020-06-28 16:06:41,5.35,-0.62,80.6,78,90,19.46
246,Mahebourg,MU,2020-06-28 16:04:00,-20.41,57.7,71.6,83,75,9.17
247,Santa Vitoria Do Palmar,BR,2020-06-28 16:06:41,-33.52,-53.37,54.34,61,1,5.41
248,Bolobo,CD,2020-06-28 16:06:41,-2.17,16.23,87.19,43,45,0.98
249,Moussoro,TD,2020-06-28 16:06:41,13.64,16.49,98.46,28,44,1.99
250,Kawalu,ID,2020-06-28 16:06:41,-7.38,108.21,72.16,90,81,0.56
251,Dunedin,NZ,2020-06-28 16:06:41,-45.87,170.5,45.0,87,100,3.0
252,Zemio,CF,2020-06-28 16:06:41,5.03,25.14,78.39,81,22,4.12
253,Dakar,SN,2020-06-28 16:01:45,14.69,-17.44,86.0,66,40,18.34
254,Ndele,CF,2020-06-28 16:06:42,8.41,20.65,80.94,77,81,4.23
255,Ancud,CL,2020-06-28 16:06:42,-41.87,-73.82,46.0,100,90,5.82
256,Tautira,PF,2020-06-28 16:06:42,-17.73,-149.15,69.8,83,19,4.7
257,Muravlenko,RU,2020-06-28 16:06:29,63.79,74.52,54.23,92,100,18.59
258,Andreiasu De Jos,RO,2020-06-28 16:06:42,45.75,26.83,89.6,31,5,6.93
259,Ormara,PK,2020-06-28 16:06:42,25.21,64.64,85.42,83,16,20.74
260,Nosy Varika,MG,2020-06-28 16:06:42,-20.58,48.53,70.48,87,0,6.73
261,Nidadavole,IN,2020-06-28 16:06:42,16.92,81.67,86.0,79,40,3.36
262,Amur,RU,2020-06-28 16:06:42,54.0,128.0,56.1,81,97,0.63
263,Thinadhoo,MV,2020-06-28 16:03:01,0.53,72.93,84.99,72,73,7.63
264,Butaritari,KI,2020-06-28 16:06:42,3.07,172.79,82.67,74,31,14.92
265,Cassilandia,BR,2020-06-28 16:04:20,-19.11,-51.73,76.1,64,84,3.74
266,Husavik,IS,2020-06-28 16:06:42,66.04,-17.34,53.6,81,20,10.29
267,Touros,BR,2020-06-28 16:02:31,-5.2,-35.46,84.2,66,75,10.29
268,Bonavista,CA,2020-06-28 16:06:43,48.65,-53.11,57.02,85,81,10.25
269,Tera,NE,2020-06-28 16:06:43,14.01,0.75,104.0,21,15,5.14
270,Verkhnevilyuysk,RU,2020-06-28 16:06:43,63.45,120.32,69.96,51,58,2.3
271,Krasnorechenskiy,RU,2020-06-28 16:06:43,44.63,135.35,52.86,91,98,1.66
272,Dingle,PH,2020-06-28 16:06:43,11.0,122.67,76.93,86,100,2.28
273,Rundu,NA,2020-06-28 16:06:43,-17.93,19.77,71.6,19,0,4.7
274,Coihaique,CL,2020-06-28 16:04:19,-45.58,-72.07,28.4,68,75,3.36
275,Port Hardy,CA,2020-06-28 16:06:43,50.7,-127.42,57.2,76,20,5.82
276,Ocos,GT,2020-06-28 16:06:43,14.51,-92.19,84.2,78,75,8.05
277,Dimbokro,CI,2020-06-28 16:06:43,6.65,-4.7,84.88,74,50,4.03
278,Vila Franca Do Campo,PT,2020-06-28 16:06:43,37.72,-25.43,69.8,83,40,14.99
279,Puerto Del Rosario,ES,2020-06-28 16:06:44,28.5,-13.86,78.8,69,20,23.04
280,Aleksandrov Gay,RU,2020-06-28 16:06:44,50.15,48.57,79.77,52,86,9.13
281,Okhotsk,RU,2020-06-28 16:06:44,59.38,143.3,46.94,88,1,5.23
282,Koungou,YT,2020-06-28 16:06:44,-12.73,45.2,77.0,83,0,11.41
283,Sinnamary,GF,2020-06-28 16:06:44,5.38,-52.95,83.05,76,24,1.68
284,Inhambane,MZ,2020-06-28 16:06:44,-23.86,35.38,82.4,30,0,10.11
285,Manono,CD,2020-06-28 16:06:44,-7.3,27.42,86.59,30,74,4.18
286,Sorland,NO,2020-06-28 16:06:44,67.67,12.69,57.2,82,33,12.75
287,Payo,ID,2020-06-28 16:06:44,-3.75,103.64,73.67,96,79,2.59
288,Dergachi,RU,2020-06-28 16:06:44,51.23,48.77,71.91,73,53,10.13
289,Pangkalanbuun,ID,2020-06-28 16:04:10,-2.68,111.62,73.81,90,73,2.95
290,Bodden Town,KY,2020-06-28 16:06:44,19.28,-81.25,89.6,70,20,10.29
291,Nuuk,GL,2020-06-28 16:06:44,64.18,-51.72,48.2,66,20,8.05
292,Mabaruma,GY,2020-06-28 16:06:17,8.2,-59.78,83.32,77,10,5.93
293,Ostersund,SE,2020-06-28 16:06:45,63.18,14.64,73.4,43,31,17.22
294,Boddam,GB,2020-06-28 16:06:45,57.47,-1.78,61.0,72,40,17.22
295,Ulladulla,AU,2020-06-28 16:01:46,-35.35,150.47,48.2,100,75,4.7
296,Banda Aceh,ID,2020-06-28 16:06:45,5.56,95.32,80.47,82,88,10.18
297,Benoy,TD,2020-06-28 16:06:45,8.98,16.32,91.4,66,20,4.7
298,Vao,NC,2020-06-28 16:06:45,-22.67,167.48,69.15,54,0,9.28
299,Wanaka,NZ,2020-06-28 16:06:45,-44.7,169.15,39.99,90,100,1.99
300,Kahului,US,2020-06-28 16:01:54,20.89,-156.47,73.0,73,1,5.82
301,Carbonia,IT,2020-06-28 16:06:45,39.17,8.52,87.8,65,3,12.75
302,Shimoda,JP,2020-06-28 16:06:45,34.67,138.95,64.0,95,87,6.76
303,Los Llanos De Aridane,ES,2020-06-28 16:06:45,28.66,-17.92,75.2,73,75,17.22
304,Puerto Colombia,CO,2020-06-28 16:06:45,10.99,-74.95,86.0,74,75,5.82
305,Jasrana,IN,2020-06-28 16:06:45,27.25,78.68,99.64,34,67,5.95
306,Batsfjord,NO,2020-06-28 16:06:46,70.63,29.72,48.2,87,75,18.34
307,Baykit,RU,2020-06-28 16:06:46,61.67,96.37,67.33,62,81,4.0
308,Zavitinsk,RU,2020-06-28 16:06:46,50.12,129.45,58.93,93,96,1.88
309,San Policarpo,PH,2020-06-28 16:06:42,12.18,125.51,79.68,80,100,1.52
310,Maceio,BR,2020-06-28 16:06:46,-9.67,-35.74,80.6,74,75,11.41
311,Salina,US,2020-06-28 16:06:46,38.84,-97.61,86.0,58,1,18.34
312,Magaria,NE,2020-06-28 16:06:46,13.0,8.91,99.9,22,64,4.45
313,Kattivakkam,IN,2020-06-28 16:06:46,13.22,80.32,84.2,74,40,4.7
314,Negombo,LK,2020-06-28 16:03:20,7.21,79.84,82.4,88,20,8.05
315,Ixtapa,MX,2020-06-28 16:06:46,20.7,-105.2,86.0,66,75,1.66
316,Shanghai,CN,2020-06-28 16:05:00,31.22,121.46,79.0,94,40,8.95
317,Narsaq,GL,2020-06-28 16:06:46,60.92,-46.05,55.4,54,40,8.05
318,Sangar,RU,2020-06-28 16:06:46,63.92,127.47,60.66,81,86,0.27
319,Usinsk,RU,2020-06-28 16:06:47,65.99,57.53,43.93,85,100,8.72
320,Kirakira,SB,2020-06-28 16:06:47,-10.45,161.92,79.07,83,9,5.14
321,Bathsheba,BB,2020-06-28 16:06:47,13.22,-59.52,87.8,70,40,13.87
322,San Marcos De Colon,HN,2020-06-28 16:06:47,13.43,-86.8,74.84,74,65,9.64
323,Odesskoye,RU,2020-06-28 16:06:47,54.21,72.97,55.45,87,100,18.68
324,Gallipoli,TR,2020-06-28 16:06:47,40.41,26.67,86.0,37,0,19.46
325,Bardiyah,LY,2020-06-28 16:06:47,31.76,25.09,76.91,64,0,16.53
326,Lakes Entrance,AU,2020-06-28 16:06:47,-37.88,147.98,34.0,96,2,4.41
327,Najran,SA,2020-06-28 16:06:47,17.49,44.13,96.8,18,40,11.41
328,Mitsamiouli,KM,2020-06-28 16:06:47,-11.38,43.28,78.6,78,34,5.57
329,Clyde River,CA,2020-06-28 16:06:23,70.47,-68.59,33.8,78,90,10.29
330,Cayenne,GF,2020-06-28 16:02:07,4.93,-52.33,86.0,66,65,4.68
331,Airai,TL,2020-06-28 16:06:47,-8.93,125.41,56.97,100,84,3.24
332,Udachnyy,RU,2020-06-28 16:06:48,66.42,112.4,73.4,43,62,4.47
333,Yanam,IN,2020-06-28 16:06:48,16.73,82.22,86.0,79,40,3.36
334,Rauma,FI,2020-06-28 16:06:48,61.13,21.51,69.8,73,73,11.41
335,Hurghada,EG,2020-06-28 16:06:48,27.26,33.81,98.6,23,0,4.7
336,Camana,PE,2020-06-28 16:06:48,-16.62,-72.71,68.79,59,0,8.08
337,Bambous Virieux,MU,2020-06-28 16:06:48,-20.34,57.76,73.99,83,75,9.17
338,Kui Buri,TH,2020-06-28 16:06:48,12.08,99.85,79.54,82,100,6.85
339,Derzhavinsk,KZ,2020-06-28 16:06:48,51.1,66.32,62.49,76,100,10.18
340,Rajpipla,IN,2020-06-28 16:06:48,21.87,73.5,93.2,63,40,13.87
341,Kolondieba,ML,2020-06-28 16:06:48,11.09,-6.89,96.82,35,18,3.62
342,Caluquembe,AO,2020-06-28 16:06:48,-13.78,14.68,71.28,22,0,2.28
343,Key West,US,2020-06-28 16:04:21,24.56,-81.78,91.4,62,20,11.41
344,Teluknaga,ID,2020-06-28 16:05:41,-6.1,106.64,84.2,70,20,4.7
345,Sao Joao Da Barra,BR,2020-06-28 16:06:45,-21.64,-41.05,75.2,69,75,9.17
346,Vostok,RU,2020-06-28 16:06:49,46.49,135.88,48.78,97,96,2.75
347,Atambua,ID,2020-06-28 16:04:20,-9.11,124.89,70.38,89,41,5.39
348,Mount Gambier,AU,2020-06-28 16:06:49,-37.83,140.77,42.8,87,27,6.93
349,Salmas,IR,2020-06-28 16:06:49,38.2,44.77,80.6,39,20,11.41
350,Fort Nelson,CA,2020-06-28 16:06:49,58.81,-122.7,57.2,76,75,10.29
351,Havoysund,NO,2020-06-28 16:06:49,71.0,24.66,44.6,87,75,10.29
352,Zalantun,CN,2020-06-28 16:06:49,48.0,122.72,59.67,90,0,5.37
353,Yantai,CN,2020-06-28 16:06:49,37.53,121.4,71.62,71,99,7.87
354,Severo-Kurilsk,RU,2020-06-28 16:06:23,50.68,156.12,48.7,67,60,2.86
355,Warrington,GB,2020-06-28 16:06:49,53.39,-2.58,57.99,76,75,18.34
356,Muscat,OM,2020-06-28 16:06:49,23.61,58.59,91.4,70,20,6.93
357,Egvekinot,RU,2020-06-28 16:04:54,66.32,-179.17,31.55,95,100,11.97
358,Broome,US,2020-06-28 16:06:38,42.25,-75.83,75.99,69,40,6.93
359,Ourem,PT,2020-06-28 16:06:50,39.64,-8.59,86.0,58,0,14.41
360,Mahajanga,MG,2020-06-28 16:06:50,-15.72,46.32,78.8,61,0,3.36
361,Collie,AU,2020-06-28 16:06:50,-33.37,116.15,50.0,84,98,15.99
362,Sao Filipe,CV,2020-06-28 16:06:21,14.9,-24.5,78.39,67,12,13.53
363,Kruisfontein,ZA,2020-06-28 16:06:50,-34.0,24.73,54.34,72,5,16.15
364,Vila Velha,BR,2020-06-28 16:06:50,-20.33,-40.29,77.0,65,40,14.99
365,Clarence Town,AU,2020-06-28 16:06:50,-32.58,151.78,48.99,93,28,8.05
366,Trairi,BR,2020-06-28 16:06:50,-3.28,-39.27,86.13,59,0,12.86
367,Agirish,RU,2020-06-28 16:06:50,61.92,63.02,54.5,59,98,6.58
368,Astaneh-Ye Ashrafiyeh,IR,2020-06-28 16:06:50,37.26,49.94,71.6,68,75,6.93
369,Dubbo,AU,2020-06-28 16:06:51,-32.25,148.62,41.0,93,0,9.17
370,Kalabo,ZM,2020-06-28 16:06:51,-14.97,22.68,74.5,29,0,4.85
371,Zletovo,MK,2020-06-28 16:06:51,41.99,22.24,89.6,31,20,3.36
372,Marienburg,PL,2020-06-28 16:06:51,54.04,19.03,84.99,73,20,5.82
373,Nata,PA,2020-06-28 16:06:51,8.33,-80.52,78.01,82,97,5.08
374,Friesach,AT,2020-06-28 16:06:51,46.96,14.41,86.0,42,20,4.7
375,Kiama,AU,2020-06-28 16:06:51,-34.68,150.87,52.0,95,6,5.01
376,Nanakuli,US,2020-06-28 16:06:51,21.39,-158.15,73.0,78,1,3.36
377,Kamyshin,RU,2020-06-28 16:06:51,50.1,45.42,75.36,63,91,9.62
378,Badou,TG,2020-06-28 16:06:51,7.58,0.6,82.89,70,98,4.79
379,Gashua,NG,2020-06-28 16:06:51,12.87,11.05,93.4,34,57,8.37
380,George,ZA,2020-06-28 16:06:51,-33.96,22.46,57.2,71,20,11.41
381,Jiuquan,CN,2020-06-28 16:06:51,39.74,98.52,70.47,30,0,8.28
382,Lardos,GR,2020-06-28 16:04:05,36.09,28.02,81.0,69,0,18.34
383,Mandasa,IN,2020-06-28 16:06:52,18.87,84.47,83.25,81,100,8.05
384,Kosh-Agach,RU,2020-06-28 16:06:52,50.0,88.67,52.88,71,92,4.72
385,Chincha Alta,PE,2020-06-28 16:06:52,-13.41,-76.13,62.6,82,90,3.36
386,Asau,RO,2020-06-28 16:06:52,46.43,26.4,77.0,64,81,2.04
387,Kuching,MY,2020-06-28 16:03:52,1.55,110.33,80.6,88,20,2.89
388,Malanje,AO,2020-06-28 16:06:52,-9.54,16.34,78.8,57,40,4.7
389,Batagay-Alyta,RU,2020-06-28 16:06:42,67.8,130.41,58.82,77,24,4.36
390,Nisia Floresta,BR,2020-06-28 16:06:52,-6.09,-35.21,84.2,66,75,10.29
391,Calatrava,PH,2020-06-28 16:06:52,10.6,123.48,80.6,83,40,4.7
392,Tsagan Aman,RU,2020-06-28 16:06:52,47.56,46.72,85.12,28,0,8.88
393,Lethem,GY,2020-06-28 16:06:52,3.38,-59.8,89.02,58,11,5.99
394,Bull Savanna,JM,2020-06-28 16:06:52,17.89,-77.59,85.91,61,100,9.95
395,Chupa,RU,2020-06-28 16:06:53,66.27,33.05,59.09,48,97,2.75
396,Kyrylivka,UA,2020-06-28 16:06:53,46.38,35.37,78.58,54,0,11.88
397,Raniganj,IN,2020-06-28 16:06:53,23.62,87.13,83.8,73,100,4.03
398,Moerai,PF,2020-06-28 16:06:53,-22.43,-151.33,68.41,75,50,23.58
399,Luderitz,NA,2020-06-28 16:06:53,-26.65,15.16,65.61,50,0,23.76
400,Bujumbura,BI,2020-06-28 16:06:53,-3.38,29.36,76.35,63,41,5.73
401,Anadyr,RU,2020-06-28 16:06:53,64.75,177.48,33.8,80,20,4.47
402,Santa Vitoria,BR,2020-06-28 16:06:53,-18.84,-50.12,80.89,53,36,1.61
403,Asheville,US,2020-06-28 16:03:58,35.6,-82.55,80.6,57,75,5.82
404,Doha,QA,2020-06-28 16:05:28,25.29,51.53,97.0,52,29,5.82
405,Adrar,MR,2020-06-28 16:04:13,20.5,-10.07,112.48,6,0,13.0
406,San Andres,CO,2020-06-28 16:06:53,12.58,-81.7,86.0,79,75,12.75
407,Umba,RU,2020-06-28 16:06:54,66.69,34.34,51.66,70,100,7.23
408,Ajaccio,FR,2020-06-28 16:02:47,42.0,8.92,82.4,65,6,10.29
409,Dayong,CN,2020-06-28 16:06:54,25.02,118.29,84.2,83,100,8.95
410,Jacareacanga,BR,2020-06-28 16:06:54,-6.22,-57.75,93.92,37,0,4.41
411,Souillac,MU,2020-06-28 16:06:54,-20.52,57.52,71.6,83,75,9.17
412,Sfantu Gheorghe,RO,2020-06-28 16:06:54,45.87,25.78,81.0,61,41,1.99
413,Beira,MZ,2020-06-28 16:06:54,-19.84,34.84,75.2,88,20,8.05
414,Chicama,PE,2020-06-28 16:06:54,-7.84,-79.15,73.81,56,36,7.94
415,Faya,SA,2020-06-28 16:06:54,18.39,42.45,87.8,11,75,13.87
416,Mustafakemalpasa,TR,2020-06-28 16:06:54,40.04,28.41,86.0,48,0,16.11
417,Vanimo,PG,2020-06-28 16:06:54,-2.67,141.3,79.84,83,100,6.38
418,Betul,IN,2020-06-28 16:06:54,21.92,77.9,74.73,88,100,6.53
419,Ambilobe,MG,2020-06-28 16:06:29,-13.2,49.05,74.37,81,0,0.51
420,Sishui,CN,2020-06-28 16:06:55,35.65,117.28,73.81,80,97,4.47
421,Caconda,AO,2020-06-28 16:06:55,-13.73,15.07,71.85,22,0,1.5
422,Leshukonskoye,RU,2020-06-28 16:06:55,64.9,45.76,47.93,62,100,6.82
423,Calama,CL,2020-06-28 16:05:26,-22.47,-68.93,64.4,8,74,5.82
424,Bejar,ES,2020-06-28 16:06:55,40.39,-5.76,90.0,31,0,1.01
425,Chase,CA,2020-06-28 16:06:55,50.82,-119.69,59.0,62,75,13.87
426,Moose Factory,CA,2020-06-28 16:06:55,51.26,-80.61,66.2,72,1,5.82
427,Jardim,BR,2020-06-28 16:06:55,-21.48,-56.14,75.29,60,5,5.3
428,Hokitika,NZ,2020-06-28 16:06:14,-42.72,170.97,49.84,83,99,6.85
429,Vieux-Habitants,GP,2020-06-28 16:06:55,16.06,-61.77,87.8,66,90,13.87
430,Pitkyaranta,RU,2020-06-28 16:06:56,61.57,31.48,62.56,47,0,9.26
431,Kisangani,CD,2020-06-28 16:06:56,0.52,25.2,83.34,60,99,1.88
432,Krasnoarmeysk,RU,2020-06-28 16:06:56,51.02,45.7,75.99,58,73,1.99
433,San Patricio,MX,2020-06-28 16:06:56,19.22,-104.7,84.2,74,75,8.37
434,Ondangwa,NA,2020-06-28 16:06:56,-17.92,15.95,84.2,20,0,3.36
435,Alto Araguaia,BR,2020-06-28 16:06:56,-17.31,-53.22,80.55,50,6,7.92
436,Tuatapere,NZ,2020-06-28 16:03:53,-46.13,167.68,45.0,83,97,5.41
437,San Lawrenz,MT,2020-06-28 16:06:56,36.06,14.2,84.2,39,0,9.17
438,Urumqi,CN,2020-06-28 16:06:23,43.8,87.6,64.4,52,20,17.9
439,Savannah Bight,HN,2020-06-28 16:06:56,16.45,-85.85,82.24,77,99,16.28
440,Chifeng,CN,2020-06-28 16:06:56,42.27,118.96,75.22,54,99,4.54
441,Manzhouli,CN,2020-06-28 16:06:56,49.6,117.43,61.84,65,27,3.67
442,Sao Francisco,BR,2020-06-28 16:06:56,-15.95,-44.86,89.46,28,0,2.44
443,Isangel,VU,2020-06-28 16:06:57,-19.55,169.27,69.51,81,37,10.92
444,Hwange,ZW,2020-06-28 16:06:57,-18.37,26.5,70.99,22,0,3.6
445,Liloy,PH,2020-06-28 16:06:57,8.11,122.66,78.01,83,100,3.47
446,Kargasok,RU,2020-06-28 16:06:57,59.06,80.86,54.59,75,91,21.23
447,Tarko-Sale,RU,2020-06-28 16:06:57,64.92,77.78,60.01,92,100,0.49
448,Namatanai,PG,2020-06-28 16:04:27,-3.67,152.43,79.5,79,77,6.87
449,Valparai,IN,2020-06-28 16:06:57,10.37,76.97,80.6,94,75,4.94
450,Berlevag,NO,2020-06-28 16:06:57,70.86,29.09,42.8,87,90,10.29
451,Mufulira,ZM,2020-06-28 16:06:57,-12.55,28.24,67.84,44,64,3.49
452,Provideniya,RU,2020-06-28 16:06:57,64.38,-173.3,39.18,81,98,16.04
453,Ust-Nera,RU,2020-06-28 16:06:57,64.57,143.2,61.66,55,11,1.77
454,La Plata,AR,2020-06-28 16:05:16,-34.92,-57.95,54.0,67,68,6.44
455,Bousse,BF,2020-06-28 16:06:57,12.66,-1.89,91.4,52,20,4.7
456,Songadh,IN,2020-06-28 16:06:57,21.17,73.57,85.87,68,29,8.9
457,Jishu,CN,2020-06-28 16:06:58,44.32,126.8,68.58,62,32,6.76
458,Aripuana,BR,2020-06-28 16:06:58,-9.17,-60.63,91.42,36,2,4.68
459,Komsomolskiy,UZ,2020-06-28 16:04:43,40.43,71.72,75.2,22,0,6.93
460,Harper,LR,2020-06-28 16:06:58,4.38,-7.72,79.14,72,82,11.95
461,Merrill,US,2020-06-28 16:05:44,45.18,-89.68,77.0,65,1,5.82
462,Zhezkazgan,KZ,2020-06-28 16:06:58,47.8,67.71,70.2,40,98,13.53
463,Lagoa,PT,2020-06-28 16:06:30,39.05,-27.98,68.43,91,100,6.44
464,Slovenj Gradec,SI,2020-06-28 16:06:58,46.51,15.08,90.0,62,83,4.09
465,Camacha,PT,2020-06-28 16:06:58,33.08,-16.33,73.4,73,40,18.34
466,Luganville,VU,2020-06-28 16:06:58,-15.53,167.17,77.0,88,90,6.93
467,Kurayoshi,JP,2020-06-28 16:06:58,35.43,133.82,71.6,88,75,2.24
468,Kenai,US,2020-06-28 16:06:59,60.55,-151.26,48.2,87,90,3.36
469,Shaoyang,CN,2020-06-28 16:06:59,27.23,111.45,79.34,79,100,4.09
470,Misratah,LY,2020-06-28 16:06:59,32.38,15.09,81.99,47,0,17.31
471,Vrangel,RU,2020-06-28 16:06:59,42.73,133.08,56.35,92,72,0.87
472,Port-Cartier,CA,2020-06-28 16:06:59,50.03,-66.87,59.0,87,75,10.29
473,Bismarck,US,2020-06-28 16:06:59,46.81,-100.78,87.8,48,1,24.16
474,Saint-Jean-De-Braye,FR,2020-06-28 16:06:59,47.91,1.98,69.8,64,75,18.34
475,Nishihara,JP,2020-06-28 16:06:59,26.18,127.76,82.4,88,20,11.41
476,Hamilton,US,2020-06-28 16:05:26,39.18,-84.53,73.99,88,75,6.93
477,Granadilla De Abona,ES,2020-06-28 16:06:59,28.12,-16.58,80.6,54,20,28.86
478,Nome,US,2020-06-28 16:06:59,64.5,-165.41,44.6,100,90,6.93
479,Namwala,ZM,2020-06-28 16:07:00,-15.75,26.44,72.12,28,0,3.27
480,Sao Paulo De Olivenca,BR,2020-06-28 16:07:00,-3.38,-68.87,86.86,63,98,3.06
481,Veraval,IN,2020-06-28 16:03:11,20.9,70.37,87.04,77,16,12.21
482,Tefe,BR,2020-06-28 16:07:00,-3.35,-64.71,87.8,79,40,4.7
483,Kiunga,PG,2020-06-28 16:07:00,-6.12,141.29,73.53,98,86,1.68
484,Kedrovyy,RU,2020-06-28 16:07:00,56.17,91.82,68.0,56,40,8.95
485,Teknaf,BD,2020-06-28 16:07:00,20.86,92.31,81.09,86,80,6.02
486,Ordzhonikidze,KZ,2020-06-28 16:07:00,52.44,61.74,59.7,55,62,12.68
487,Manado,ID,2020-06-28 16:06:15,1.49,124.85,75.2,100,40,2.24
488,Karpathos,GR,2020-06-28 16:07:00,35.51,27.21,77.0,73,20,32.21
489,Naberera,TZ,2020-06-28 16:07:00,-4.2,36.93,66.65,72,23,9.82
490,Saint-Pierre,RE,2020-06-28 16:06:34,-21.34,55.48,70.0,83,43,3.36
491,Nelson Bay,AU,2020-06-28 16:04:40,-32.72,152.15,48.99,93,44,8.05
492,Parrita,CR,2020-06-28 16:07:01,9.52,-84.32,77.0,61,51,8.05
493,Nemuro,JP,2020-06-28 16:02:32,43.32,145.57,49.08,97,100,15.43
494,Istanbul,TR,2020-06-28 16:07:01,41.04,28.98,82.4,54,0,16.11
495,Smolensk,RU,2020-06-28 16:07:01,55.0,33.0,72.52,85,94,0.83
496,Ruwi,OM,2020-06-28 16:07:01,23.6,58.55,91.4,70,20,6.93
497,Suruc,TR,2020-06-28 16:07:01,36.98,38.42,93.2,20,0,6.93
498,Kanniyakumari,IN,2020-06-28 16:07:01,8.08,77.57,81.95,77,63,21.21
499,Denpasar,ID,2020-06-28 16:07:01,-8.65,115.22,80.6,100,40,6.93
500,Edd,ER,2020-06-28 16:07:01,13.93,41.69,90.14,55,27,6.69
501,Abha,SA,2020-06-28 16:07:01,18.22,42.51,87.8,11,75,13.87
502,Maxixe,MZ,2020-06-28 16:07:01,-23.86,35.35,82.4,30,0,9.35
503,Port Hedland,AU,2020-06-28 16:07:01,-20.32,118.57,66.2,59,9,3.36
504,Atherton,GB,2020-06-28 16:07:02,53.52,-2.49,57.99,74,100,11.99
505,Lompoc,US,2020-06-28 16:07:02,34.64,-120.46,59.0,93,100,8.05
506,Uglegorskiy,RU,2020-06-28 16:07:02,48.24,41.25,80.24,49,19,5.99
507,Ahipara,NZ,2020-06-28 16:07:02,-35.17,173.17,56.26,74,19,14.45
508,Qingdao,CN,2020-06-28 16:07:02,36.1,120.37,77.0,68,20,8.95
509,Kota Kinabalu,MY,2020-06-28 16:07:02,5.97,116.07,77.0,78,20,4.7
510,Nagaur,IN,2020-06-28 16:07:02,27.2,73.73,100.51,32,0,18.61
511,Platanos,GR,2020-06-28 16:07:02,37.67,21.62,84.2,69,20,13.87
512,Yarmouth,US,2020-06-28 16:07:02,41.71,-70.23,79.0,69,1,9.17
513,Jibuti,DJ,2020-06-28 16:07:02,11.5,42.5,98.6,37,1,4.7
514,Pathalgaon,IN,2020-06-28 16:07:02,22.57,83.47,76.5,87,99,3.51
515,Paita,PE,2020-06-28 16:07:03,-5.09,-81.11,69.42,70,19,10.42
516,Tambura,SS,2020-06-28 16:07:03,5.6,27.47,78.04,78,5,1.79
517,Inirida,CO,2020-06-28 16:07:03,3.87,-67.92,80.92,76,92,2.66
518,Yegorlykskaya,RU,2020-06-28 16:07:03,46.57,40.66,79.07,41,0,3.76
519,Erenhot,CN,2020-06-28 16:07:03,43.65,111.98,68.09,58,64,20.31
520,Xiamen,CN,2020-06-28 16:07:03,24.48,118.08,84.2,83,100,8.95
521,Vestmannaeyjar,IS,2020-06-28 16:07:03,63.44,-20.27,60.8,82,75,5.82
522,Ondjiva,AO,2020-06-28 16:07:04,-17.07,15.73,80.6,22,0,6.93
523,Kaseda,JP,2020-06-28 16:07:04,31.42,130.32,73.0,94,95,1.99
524,Kuna,US,2020-06-28 16:04:54,43.49,-116.42,55.99,50,1,13.87
525,Buraydah,SA,2020-06-28 16:05:30,26.33,43.98,109.4,11,43,4.7
526,Bairiki,KI,2020-06-28 16:07:04,1.33,172.98,82.4,74,20,10.29
527,Manama,BH,2020-06-28 16:07:04,26.22,50.58,98.6,22,0,10.29
528,Bintulu,MY,2020-06-28 16:02:39,3.17,113.03,78.8,94,40,2.24
529,Morehead,US,2020-06-28 16:06:28,37.27,-87.18,69.8,100,90,12.82
530,Itoman,JP,2020-06-28 16:07:05,26.12,127.67,82.4,94,40,11.41
531,Lubango,AO,2020-06-28 16:07:05,-14.92,13.49,70.14,23,0,0.89
532,Terney,RU,2020-06-28 16:04:43,45.05,136.61,54.46,90,100,6.24
533,Kupang,ID,2020-06-28 16:07:05,-10.17,123.58,75.15,79,95,10.76
534,Cartagena,CO,2020-06-28 16:07:05,10.4,-75.51,87.8,74,40,13.87
535,Pirogovo,RU,2020-06-28 16:07:05,56.78,53.15,55.99,63,33,3.0
536,Barstow,US,2020-06-28 16:07:05,34.9,-117.02,87.8,22,1,28.86
537,San Quintin,MX,2020-06-28 16:07:05,30.48,-115.95,65.59,74,99,6.82
538,Umm Kaddadah,SD,2020-06-28 16:07:05,13.6,26.69,99.46,17,26,5.93
539,Mattru,SL,2020-06-28 16:07:05,7.62,-11.83,79.63,88,82,4.79
540,Alcaniz,ES,2020-06-28 16:07:05,41.05,-0.13,82.0,58,2,4.0
541,Amherst,US,2020-06-28 16:07:05,41.4,-82.22,78.8,50,1,3.36
542,Broken Hill,AU,2020-06-28 16:07:06,-31.95,141.43,41.0,65,21,6.93
543,Otjimbingwe,NA,2020-06-28 16:07:06,-22.35,16.13,70.75,19,0,4.68
544,Upington,ZA,2020-06-28 16:07:06,-28.45,21.26,59.0,51,0,4.7
545,College,US,2020-06-28 16:06:26,64.86,-147.8,57.99,62,75,2.84
546,Otane,NZ,2020-06-28 16:07:06,-39.88,176.63,48.99,76,19,4.0
547,Half Moon Bay,US,2020-06-28 16:07:06,37.46,-122.43,64.0,63,20,4.7
548,Gangtok,IN,2020-06-28 16:07:06,27.33,88.62,67.24,80,74,0.98
549,Olafsvik,IS,2020-06-28 16:07:06,64.89,-23.71,54.46,82,97,5.7
550,Bonito,BR,2020-06-28 16:07:06,-21.12,-56.48,73.63,63,33,4.36
551,Kalvarija,LT,2020-06-28 16:07:06,54.4,23.23,74.03,76,23,6.62
552,Le Moule,GP,2020-06-28 16:07:06,16.33,-61.35,87.8,66,100,13.87
553,Obanazawa,JP,2020-06-28 16:07:07,38.6,140.4,62.42,88,76,3.89
554,Samarai,PG,2020-06-28 16:07:07,-10.62,150.67,78.31,85,82,16.15
555,Yining,CN,2020-06-28 16:07:07,29.04,114.56,77.43,90,100,3.02
556,Wajima,JP,2020-06-28 16:07:07,37.4,136.9,67.41,78,89,7.31
557,Shenjiamen,CN,2020-06-28 16:07:07,29.96,122.3,75.94,95,100,16.13
558,Santa Maria,BR,2020-06-28 16:02:12,-29.68,-53.81,53.6,81,20,9.17
559,Westport,US,2020-06-28 16:07:07,41.14,-73.36,84.0,83,20,5.82
560,Donskoy,RU,2020-06-28 16:07:07,53.97,38.34,71.37,81,64,6.4
561,Arlit,NE,2020-06-28 16:07:07,18.74,7.39,107.44,6,0,15.08
562,Yulara,AU,2020-06-28 16:07:07,-25.24,130.99,50.0,34,0,6.93
563,Sao Jose Da Coroa Grande,BR,2020-06-28 16:06:56,-8.9,-35.15,78.75,80,52,12.53
564,Avera,US,2020-06-28 16:07:07,33.19,-82.53,89.6,59,1,10.29
565,Sabzevar,IR,2020-06-28 16:04:34,36.21,57.68,78.6,16,0,18.37
566,Praid,RO,2020-06-28 16:07:07,46.55,25.13,84.2,48,20,5.82
567,Barinas,VE,2020-06-28 16:07:08,8.62,-70.21,85.39,65,71,9.53
