City_ID,City,Lat,Lng,Max Temp,Humidity,Cloudiness,Wind Speed,Country,Weather,Rain last hour,Snow last hour,Date
0,Albany,42.6,-73.97,64.99,92,99,1.92,US,light rain,0.0,0,2020-07-01 03:30:19
1,Ostrovnoy,68.05,39.51,57.04,67,100,20.31,RU,overcast clouds,0.0,0,2020-07-01 03:30:20
2,Beba,22.44,-79.73,78.8,88,75,5.82,CU,broken clouds,0.0,0,2020-07-01 03:30:20
3,Qaanaaq,77.48,-69.36,37.02,78,0,1.92,GL,clear sky,0.0,0,2020-07-01 03:30:20
4,Hilo,19.73,-155.09,84.2,54,40,12.75,US,scattered clouds,0.0,0,2020-07-01 03:29:54
5,Rikitea,-23.12,-134.97,69.28,64,32,19.93,PF,scattered clouds,0.0,0,2020-07-01 03:29:54
6,Alice Springs,-23.7,133.88,78.8,21,0,8.05,AU,clear sky,0.0,0,2020-07-01 03:28:09
7,Atuona,-9.8,-139.03,79.52,74,2,21.83,PF,clear sky,0.0,0,2020-07-01 03:30:22
8,Carnarvon,-24.87,113.63,69.8,64,0,17.22,AU,clear sky,0.0,0,2020-07-01 03:30:22
9,Doha,25.29,51.53,95.0,30,0,1.86,QA,clear sky,0.0,0,2020-07-01 03:29:07
10,Punta Arenas,-53.15,-70.92,23.0,92,2,2.24,CL,clear sky,0.0,0,2020-07-01 03:26:07
11,Phichit,16.25,100.42,91.0,55,91,4.45,TH,overcast clouds,0.0,0,2020-07-01 03:30:23
12,Lompoc,34.64,-120.46,59.0,82,0,8.05,US,clear sky,0.0,0,2020-07-01 03:28:30
13,Paikuse,58.38,24.63,60.01,86,84,18.99,EE,light rain,0.95,0,2020-07-01 03:30:24
14,Ravar,31.27,56.81,90.46,12,0,2.04,IR,clear sky,0.0,0,2020-07-01 03:30:24
15,Muscat,23.61,58.59,87.8,84,18,4.7,OM,few clouds,0.0,0,2020-07-01 03:30:24
16,Bridlington,54.08,-0.19,55.99,93,92,3.36,GB,moderate rain,0.0,0,2020-07-01 03:30:24
17,Novopavlovka,51.22,109.21,77.38,38,96,6.69,RU,overcast clouds,0.0,0,2020-07-01 03:30:25
18,San Quintin,30.48,-115.95,62.08,84,0,8.57,MX,clear sky,0.0,0,2020-07-01 03:30:25
19,Vagur,61.47,-6.81,47.39,74,100,17.67,FO,overcast clouds,0.0,0,2020-07-01 03:30:25
20,Nioro,13.35,-15.75,78.78,77,96,5.14,GM,overcast clouds,0.0,0,2020-07-01 03:30:26
21,Broome,42.25,-75.83,64.0,93,1,6.93,US,clear sky,0.0,0,2020-07-01 03:30:26
22,Avarua,-21.21,-159.78,78.8,74,39,16.11,CK,scattered clouds,0.0,0,2020-07-01 03:29:09
23,Hermanus,-34.42,19.23,59.34,64,0,3.8,ZA,clear sky,0.0,0,2020-07-01 03:30:27
24,Bluff,-46.6,168.33,39.0,83,100,3.0,NZ,overcast clouds,0.0,0,2020-07-01 03:29:57
25,Praia,14.92,-23.51,77.0,65,75,5.82,CV,broken clouds,0.0,0,2020-07-01 03:30:27
26,Algiers,36.75,3.04,75.2,83,20,10.29,DZ,few clouds,0.0,0,2020-07-01 03:30:27
27,Yellowknife,62.46,-114.35,78.01,33,75,5.82,CA,broken clouds,0.0,0,2020-07-01 03:25:56
28,Ilulissat,69.22,-51.1,42.8,75,100,1.12,GL,overcast clouds,0.0,0,2020-07-01 03:30:13
29,Mattru,7.62,-11.83,73.15,97,88,1.36,SL,overcast clouds,0.0,0,2020-07-01 03:30:28
30,Mount Isa,-20.73,139.5,80.6,28,14,10.29,AU,few clouds,0.0,0,2020-07-01 03:30:29
31,Bilibino,68.05,166.44,41.95,85,100,6.8,RU,light rain,0.45,0,2020-07-01 03:30:29
32,Leh,34.17,77.58,58.89,35,31,6.24,IN,scattered clouds,0.0,0,2020-07-01 03:29:59
33,Ushuaia,-54.8,-68.3,26.6,86,0,4.7,AR,clear sky,0.0,0,2020-07-01 03:29:55
34,Tuktoyaktuk,69.45,-133.04,48.2,87,90,18.34,CA,overcast clouds,0.0,0,2020-07-01 03:30:30
35,Boa Vista,2.82,-60.67,78.8,83,75,4.23,BR,broken clouds,0.0,0,2020-07-01 03:30:30
36,Idrinskoye,54.37,92.14,72.63,75,70,1.23,RU,broken clouds,0.0,0,2020-07-01 03:30:31
37,Port Alfred,-33.59,26.89,55.99,80,0,1.01,ZA,clear sky,0.0,0,2020-07-01 03:29:55
38,Maniitsoq,65.42,-52.9,50.02,61,100,10.49,GL,overcast clouds,0.0,0,2020-07-01 03:30:31
39,Kangaatsiaq,68.31,-53.46,41.13,82,100,10.38,GL,overcast clouds,0.0,0,2020-07-01 03:30:32
40,Port Elizabeth,-33.92,25.57,48.2,93,0,4.7,ZA,clear sky,0.0,0,2020-07-01 03:30:00
41,Oda,35.18,132.5,69.8,94,75,13.87,JP,light intensity shower rain,0.0,0,2020-07-01 03:30:32
42,Zhuanghe,39.7,122.99,83.37,51,2,7.78,CN,clear sky,0.0,0,2020-07-01 03:30:33
43,Iquique,-20.22,-70.14,59.0,72,90,2.24,CL,overcast clouds,0.0,0,2020-07-01 03:30:33
44,East London,-33.02,27.91,53.6,81,0,4.7,ZA,clear sky,0.0,0,2020-07-01 03:30:33
45,Geraldton,-28.77,114.6,64.4,77,90,13.87,AU,overcast clouds,0.0,0,2020-07-01 03:30:07
46,Mataura,-46.19,168.86,41.76,91,99,3.62,NZ,light rain,0.11,0,2020-07-01 03:30:34
47,Bristol,41.83,-71.17,66.99,93,75,3.02,US,broken clouds,0.0,0,2020-07-01 03:29:14
48,Touros,-5.2,-35.46,73.4,100,75,4.7,BR,light rain,0.0,0,2020-07-01 03:30:34
49,Vangaindrano,-23.35,47.6,60.8,84,5,4.76,MG,clear sky,0.0,0,2020-07-01 03:30:35
50,Puerto Ayora,-0.74,-90.35,70.0,90,79,8.01,EC,broken clouds,0.0,0,2020-07-01 03:30:35
51,Hobart,-42.88,147.33,57.2,62,20,11.41,AU,few clouds,0.0,0,2020-07-01 03:29:08
52,Chernyy Yar,48.06,46.11,72.59,42,46,10.0,RU,scattered clouds,0.0,0,2020-07-01 03:30:36
53,Katsuura,35.13,140.3,79.0,94,75,19.46,JP,"mist, shower rain",0.0,0,2020-07-01 03:30:36
54,Elliot Lake,46.38,-82.63,68.0,82,1,2.24,CA,clear sky,0.0,0,2020-07-01 03:30:36
55,Narsaq,60.92,-46.05,42.8,81,98,9.17,GL,light intensity shower rain,0.0,0,2020-07-01 03:30:37
56,Halifax,44.65,-63.57,66.0,83,99,1.01,CA,light rain,0.25,0,2020-07-01 03:26:03
57,Georgetown,5.41,100.34,87.8,74,20,5.82,MY,few clouds,0.0,0,2020-07-01 03:30:37
58,Karatau,43.17,70.47,90.01,13,0,17.09,KZ,clear sky,0.0,0,2020-07-01 03:30:38
59,Padang,-0.95,100.35,85.35,55,19,2.53,ID,few clouds,0.0,0,2020-07-01 03:29:05
60,Aurillac,44.92,2.45,61.0,100,0,4.7,FR,clear sky,0.0,0,2020-07-01 03:30:38
61,Moussoro,13.64,16.49,83.23,54,17,13.38,TD,few clouds,0.0,0,2020-07-01 03:30:38
62,Ketchikan,55.34,-131.65,64.4,55,1,9.17,US,clear sky,0.0,0,2020-07-01 03:30:10
63,Santa Engracia,41.94,-1.32,75.0,69,0,10.29,ES,clear sky,0.0,0,2020-07-01 03:30:39
64,Cidreira,-30.18,-50.21,56.52,75,44,27.34,BR,scattered clouds,0.0,0,2020-07-01 03:30:07
65,Puerto Del Rosario,28.5,-13.86,71.6,78,90,13.87,ES,overcast clouds,0.0,0,2020-07-01 03:30:40
66,Asau,46.43,26.4,61.0,84,7,4.0,RO,clear sky,0.0,0,2020-07-01 03:30:40
67,Kabirwala,30.41,71.87,84.2,70,20,5.46,PK,smoke,0.0,0,2020-07-01 03:30:40
68,Novyy Nekouz,57.9,38.07,58.42,93,80,4.36,RU,broken clouds,0.0,0,2020-07-01 03:30:41
69,Saint-Augustin,51.23,-58.65,66.25,74,0,12.46,CA,clear sky,0.0,0,2020-07-01 03:30:41
70,Coffs Harbour,-30.3,153.13,69.8,43,40,8.05,AU,scattered clouds,0.0,0,2020-07-01 03:30:41
71,Codrington,-38.27,141.97,59.88,58,0,19.3,AU,clear sky,0.0,0,2020-07-01 03:30:41
72,Santa Marta,11.24,-74.2,80.01,87,59,13.02,CO,broken clouds,0.0,0,2020-07-01 03:30:42
73,Severo-Kurilsk,50.68,156.12,51.8,69,5,8.81,RU,clear sky,0.0,0,2020-07-01 03:29:57
74,Cherskiy,68.75,161.3,55.85,52,72,19.26,RU,broken clouds,0.0,0,2020-07-01 03:30:42
75,Nikolskoye,59.7,30.79,62.01,82,40,13.42,RU,scattered clouds,0.0,0,2020-07-01 03:30:43
76,Hithadhoo,-0.6,73.08,83.93,64,86,2.15,MV,overcast clouds,0.0,0,2020-07-01 03:30:21
77,High Prairie,55.43,-116.49,55.6,96,100,5.01,CA,overcast clouds,0.0,0,2020-07-01 03:30:43
78,Saskylakh,71.92,114.08,85.53,35,99,7.87,RU,overcast clouds,0.0,0,2020-07-01 03:30:44
79,Busselton,-33.65,115.33,53.01,87,74,1.01,AU,broken clouds,0.0,0,2020-07-01 03:30:44
80,Saint-Pierre,-21.34,55.48,66.2,48,0,9.17,RE,clear sky,0.0,0,2020-07-01 03:30:28
81,High Level,58.52,-117.14,69.8,56,75,6.93,CA,broken clouds,0.0,0,2020-07-01 03:29:20
82,Prince Rupert,54.32,-130.32,57.2,82,40,8.05,CA,scattered clouds,0.0,0,2020-07-01 03:30:45
83,Lata,40.16,-8.33,64.0,92,100,3.0,PT,overcast clouds,0.0,0,2020-07-01 03:30:45
84,Pangnirtung,66.15,-65.71,45.43,62,35,2.35,CA,scattered clouds,0.0,0,2020-07-01 03:28:16
85,Faya,18.39,42.45,73.4,43,70,7.02,SA,broken clouds,0.0,0,2020-07-01 03:30:46
86,Point Pedro,9.82,80.23,84.7,77,92,20.13,LK,overcast clouds,0.0,0,2020-07-01 03:30:46
87,Staryy Nadym,65.61,72.68,56.68,60,30,9.66,RU,scattered clouds,0.0,0,2020-07-01 03:30:47
88,San Patricio,19.22,-104.7,80.2,80,94,6.6,MX,overcast clouds,0.0,0,2020-07-01 03:30:47
89,Smithers,54.78,-127.17,64.4,55,75,11.41,CA,broken clouds,0.0,0,2020-07-01 03:30:47
90,Abeche,13.83,20.83,79.12,60,100,12.28,TD,overcast clouds,0.0,0,2020-07-01 03:30:47
91,Jamestown,42.1,-79.24,64.4,82,1,4.25,US,clear sky,0.0,0,2020-07-01 03:26:15
92,Santa Maria,-29.68,-53.81,50.56,83,100,19.24,BR,overcast clouds,0.0,0,2020-07-01 03:30:48
93,Aja,30.94,31.29,67.5,84,0,4.83,EG,clear sky,0.0,0,2020-07-01 03:30:48
94,Constitucion,-35.33,-72.42,52.68,81,100,4.72,CL,light rain,0.17,0,2020-07-01 03:30:49
95,Kahului,20.89,-156.47,87.8,48,20,17.22,US,few clouds,0.0,0,2020-07-01 03:28:49
96,Morondava,-20.28,44.28,67.14,62,0,12.77,MG,clear sky,0.0,0,2020-07-01 03:30:49
97,Port Macquarie,-31.43,152.92,68.0,42,0,1.01,AU,clear sky,0.0,0,2020-07-01 03:30:50
98,Te Anau,-45.42,167.72,41.94,77,60,2.44,NZ,broken clouds,0.0,0,2020-07-01 03:30:50
99,Ribeira Grande,38.52,-28.7,65.97,92,71,9.8,PT,broken clouds,0.0,0,2020-07-01 03:30:50
100,Huilong,31.81,121.66,87.01,56,70,3.0,CN,broken clouds,0.0,0,2020-07-01 03:30:13
101,Fortuna,40.6,-124.16,55.99,82,40,12.75,US,scattered clouds,0.0,0,2020-07-01 03:30:51
102,Kon Tum,14.35,108.0,73.62,90,100,4.09,VN,light rain,0.35,0,2020-07-01 03:30:51
103,San Policarpo,12.18,125.51,85.77,65,71,8.19,PH,broken clouds,0.0,0,2020-07-01 03:30:52
104,Marawi,8.0,124.29,73.09,81,92,0.36,PH,overcast clouds,0.0,0,2020-07-01 03:30:52
105,Sao Filipe,14.9,-24.5,73.13,79,18,2.37,CV,few clouds,0.0,0,2020-07-01 03:30:52
106,Kapaa,22.08,-159.32,84.2,66,20,10.29,US,few clouds,0.0,0,2020-07-01 03:30:52
107,Usinsk,65.99,57.53,52.75,66,100,14.5,RU,overcast clouds,0.0,0,2020-07-01 03:30:53
108,Tiksi,71.69,128.87,51.93,54,97,10.27,RU,overcast clouds,0.0,0,2020-07-01 03:29:54
109,Maarianhamina,60.1,19.93,59.0,82,75,6.93,AX,broken clouds,0.0,0,2020-07-01 03:30:53
110,Lipin Bor,60.26,37.98,57.63,88,70,7.7,RU,broken clouds,0.0,0,2020-07-01 03:30:54
111,Vaini,-21.2,-175.2,75.2,73,75,10.29,TO,broken clouds,0.0,0,2020-07-01 03:30:54
112,Port Hardy,50.7,-127.42,57.2,76,75,11.41,CA,broken clouds,0.0,0,2020-07-01 03:27:20
113,Airai,-8.93,125.41,72.0,55,6,4.5,TL,clear sky,0.0,0,2020-07-01 03:30:04
114,Bereda,43.27,-7.54,61.0,100,93,3.36,ES,overcast clouds,0.0,0,2020-07-01 03:30:55
115,Isfana,39.84,69.53,80.6,24,20,8.95,KG,few clouds,0.0,0,2020-07-01 03:30:56
116,Metro,-5.11,105.31,84.72,67,70,3.94,ID,broken clouds,0.0,0,2020-07-01 03:30:56
117,Andilamena,-17.02,48.58,55.42,90,95,4.74,MG,overcast clouds,0.0,0,2020-07-01 03:30:56
118,Kavieng,-2.57,150.8,83.73,75,26,10.4,PG,moderate rain,1.58,0,2020-07-01 03:30:03
119,Jiana,44.4,22.71,62.64,72,0,2.53,RO,clear sky,0.0,0,2020-07-01 03:30:57
120,New Norfolk,-42.78,147.06,53.01,77,19,3.91,AU,few clouds,0.0,0,2020-07-01 03:30:13
121,Westport,41.14,-73.36,66.0,98,37,2.95,US,light rain,0.0,0,2020-07-01 03:28:30
122,Zalantun,48.0,122.72,82.24,37,100,5.17,CN,overcast clouds,0.0,0,2020-07-01 03:30:58
123,Chimbote,-9.09,-78.58,60.62,88,44,7.27,PE,scattered clouds,0.0,0,2020-07-01 03:30:58
124,Parati,-23.22,-44.71,72.9,62,100,7.92,BR,overcast clouds,0.0,0,2020-07-01 03:30:59
125,Nelson Bay,-32.72,152.15,66.99,42,0,10.29,AU,clear sky,0.0,0,2020-07-01 03:30:59
126,Upernavik,72.79,-56.15,37.74,79,39,11.7,GL,scattered clouds,0.0,0,2020-07-01 03:30:59
127,Nhulunbuy,-12.23,136.77,84.2,62,75,13.87,AU,broken clouds,0.0,0,2020-07-01 03:30:32
128,Norman Wells,65.28,-126.83,59.0,82,75,13.87,CA,light intensity shower rain,0.0,0,2020-07-01 03:27:07
129,Semey,50.41,80.23,71.6,43,100,6.71,KZ,overcast clouds,0.0,0,2020-07-01 03:31:00
130,La Ronge,55.1,-105.28,57.2,93,90,8.05,CA,light rain,0.0,0,2020-07-01 03:31:01
131,Esperance,-33.87,121.9,55.4,82,75,17.22,AU,broken clouds,0.0,0,2020-07-01 03:31:01
132,Riyadh,24.69,46.72,82.4,28,0,2.64,SA,clear sky,0.0,0,2020-07-01 03:30:00
133,Khatanga,71.97,102.5,77.23,34,53,4.27,RU,broken clouds,0.0,0,2020-07-01 03:31:02
134,Chardara,41.25,67.97,83.17,28,0,1.72,KZ,clear sky,0.0,0,2020-07-01 03:31:02
135,Bredasdorp,-34.53,20.04,46.4,93,0,4.7,ZA,clear sky,0.0,0,2020-07-01 03:29:53
136,Atar,20.52,-13.05,87.91,41,0,7.47,MR,clear sky,0.0,0,2020-07-01 03:31:03
137,Shu,43.6,73.76,85.73,23,82,17.87,KZ,broken clouds,0.0,0,2020-07-01 03:31:03
138,Cape Town,-33.93,18.42,46.99,93,0,4.7,ZA,clear sky,0.0,0,2020-07-01 03:26:49
139,Luderitz,-26.65,15.16,59.0,24,0,6.93,NA,clear sky,0.0,0,2020-07-01 03:31:04
140,Taltal,-25.4,-70.48,59.47,58,0,6.73,CL,clear sky,0.0,0,2020-07-01 03:31:04
141,Mar Del Plata,-38.0,-57.56,48.99,70,90,20.8,AR,overcast clouds,0.0,0,2020-07-01 03:29:11
142,Faanui,-16.48,-151.75,77.88,75,29,23.51,PF,scattered clouds,0.0,0,2020-07-01 03:31:05
143,Tibiri,13.56,7.05,83.19,59,60,8.52,NE,broken clouds,0.0,0,2020-07-01 03:31:05
144,Kodiak,57.79,-152.41,59.0,62,1,4.7,US,clear sky,0.0,0,2020-07-01 03:31:05
145,Arraial Do Cabo,-22.97,-42.03,71.6,83,99,11.41,BR,overcast clouds,0.0,0,2020-07-01 03:30:07
146,Kavaratti,10.57,72.64,77.0,94,90,4.7,IN,overcast clouds,0.0,0,2020-07-01 03:31:06
147,Shingu,33.73,135.98,77.0,88,75,6.93,JP,broken clouds,0.0,0,2020-07-01 03:31:06
148,Verkhnyaya Inta,65.98,60.31,53.98,57,100,10.38,RU,overcast clouds,0.0,0,2020-07-01 03:31:07
149,Barahona,18.21,-71.1,79.43,77,12,7.99,DO,light rain,0.25,0,2020-07-01 03:31:07
150,Dikson,73.51,80.55,40.42,99,9,14.14,RU,clear sky,0.0,0,2020-07-01 03:31:07
151,Bambous Virieux,-20.34,57.76,68.0,93,40,6.93,MU,scattered clouds,0.0,0,2020-07-01 03:31:08
152,Coruripe,-10.13,-36.18,72.91,78,14,8.57,BR,few clouds,0.0,0,2020-07-01 03:31:08
153,Kindu,-2.95,25.95,68.47,96,52,2.73,CD,light rain,0.46,0,2020-07-01 03:31:08
154,Acatlan,20.15,-98.45,58.75,93,100,3.76,MX,overcast clouds,0.0,0,2020-07-01 03:31:09
155,Ankazoabo,-22.28,44.52,58.75,64,0,12.17,MG,clear sky,0.0,0,2020-07-01 03:31:09
156,Husavik,66.04,-17.34,37.4,93,0,3.36,IS,clear sky,0.0,0,2020-07-01 03:30:05
157,Dongsheng,39.82,109.98,78.28,31,98,3.15,CN,overcast clouds,0.0,0,2020-07-01 03:31:10
158,Hoa Binh,20.81,105.34,89.6,70,75,8.05,VN,broken clouds,0.0,0,2020-07-01 03:31:10
159,Tautira,-17.73,-149.15,80.6,54,20,14.99,PF,few clouds,0.0,0,2020-07-01 03:31:11
160,Itarema,-2.92,-39.92,74.7,86,0,9.06,BR,clear sky,0.0,0,2020-07-01 03:31:11
161,Florence,43.77,11.25,66.99,82,0,4.7,IT,clear sky,0.0,0,2020-07-01 03:28:04
162,Bethel,41.37,-73.41,66.2,93,40,3.36,US,scattered clouds,0.0,0,2020-07-01 03:31:12
163,Sur,22.57,59.53,85.28,71,68,10.74,OM,broken clouds,0.0,0,2020-07-01 03:31:12
164,Moche,-8.17,-79.01,63.36,83,29,6.06,PE,scattered clouds,0.0,0,2020-07-01 03:31:12
165,Barrow,71.29,-156.79,37.4,93,90,11.41,US,mist,0.0,0,2020-07-01 03:29:59
166,Nola,40.92,14.53,70.0,79,0,1.32,IT,clear sky,0.0,0,2020-07-01 03:31:13
167,Tete,-16.16,33.59,64.0,82,0,3.24,MZ,clear sky,0.0,0,2020-07-01 03:31:13
168,Scarborough,54.28,-0.4,55.99,91,84,3.42,GB,light rain,0.51,0,2020-07-01 03:31:14
169,Ambon,-3.7,128.18,80.01,83,75,3.36,ID,broken clouds,0.0,0,2020-07-01 03:27:54
170,Abengourou,6.73,-3.5,70.29,99,100,2.35,CI,overcast clouds,0.0,0,2020-07-01 03:31:14
171,Beauceville,46.22,-70.78,64.99,93,91,2.66,CA,overcast clouds,0.0,0,2020-07-01 03:26:52
172,Hokitika,-42.72,170.97,48.92,51,3,2.93,NZ,clear sky,0.0,0,2020-07-01 03:31:15
173,Tasiilaq,65.61,-37.64,44.6,52,100,12.75,GL,light intensity drizzle,0.0,0,2020-07-01 03:31:15
174,Lebu,-37.62,-73.65,50.97,93,100,22.08,CL,moderate rain,2.61,0,2020-07-01 03:31:16
175,Yulara,-25.24,130.99,75.2,17,81,5.82,AU,broken clouds,0.0,0,2020-07-01 03:30:23
176,Tabou,4.42,-7.35,74.62,80,96,3.36,CI,overcast clouds,0.0,0,2020-07-01 03:31:16
177,Pacific Grove,36.62,-121.92,57.99,87,90,10.29,US,overcast clouds,0.0,0,2020-07-01 03:30:06
178,Pottsville,40.69,-76.2,69.01,96,58,2.86,US,broken clouds,0.0,0,2020-07-01 03:31:17
179,Sinnamary,5.38,-52.95,78.04,87,100,8.79,GF,light rain,0.77,0,2020-07-01 03:29:59
180,Waterloo,43.47,-80.52,66.99,88,1,2.24,CA,clear sky,0.0,0,2020-07-01 03:29:33
181,Pauini,-7.71,-66.98,73.8,78,8,0.54,BR,clear sky,0.0,0,2020-07-01 03:31:18
182,Marsh Harbour,26.54,-77.06,83.64,68,4,9.08,BS,clear sky,0.0,0,2020-07-01 03:31:18
183,Kiambu,-1.17,36.83,57.2,93,75,8.05,KE,broken clouds,0.0,0,2020-07-01 03:28:34
184,Smidovich,48.6,133.82,77.86,65,0,5.26,RU,clear sky,0.0,0,2020-07-01 03:31:19
185,Yumen,40.28,97.2,84.4,14,24,14.43,CN,few clouds,0.0,0,2020-07-01 03:31:19
186,Vila Velha,-20.33,-40.29,69.8,88,40,4.7,BR,scattered clouds,0.0,0,2020-07-01 03:31:00
187,Chuy,-33.7,-53.46,57.07,93,100,23.94,UY,light rain,0.87,0,2020-07-01 03:31:20
188,Zaragoza,41.66,-0.88,75.0,83,20,4.7,ES,few clouds,0.0,0,2020-07-01 03:31:20
189,Northam,51.03,-4.22,57.99,91,98,8.99,GB,light rain,0.16,0,2020-07-01 03:31:21
190,Port Blair,11.67,92.75,83.08,77,100,14.0,IN,overcast clouds,0.0,0,2020-07-01 03:31:21
191,Oranjemund,-28.55,16.43,62.02,35,0,3.13,NA,clear sky,0.0,0,2020-07-01 03:31:21
192,Chokurdakh,70.63,147.92,61.84,30,13,10.56,RU,few clouds,0.0,0,2020-07-01 03:31:22
193,Erenhot,43.65,111.98,82.11,25,29,3.83,CN,scattered clouds,0.0,0,2020-07-01 03:31:22
194,Flinders,-34.58,150.86,71.01,52,48,14.0,AU,scattered clouds,0.0,0,2020-07-01 03:31:22
195,Lavrentiya,65.58,-171.0,43.21,94,100,12.84,RU,moderate rain,1.3,0,2020-07-01 03:31:23
196,Pisco,-13.7,-76.22,62.6,82,75,3.36,PE,broken clouds,0.0,0,2020-07-01 03:31:23
197,Lethem,3.38,-59.8,76.17,83,40,5.41,GY,scattered clouds,0.0,0,2020-07-01 03:31:23
198,San Jeronimo,-11.95,-75.28,44.78,72,25,0.98,PE,scattered clouds,0.0,0,2020-07-01 03:31:24
199,Soyo,-6.13,12.37,70.88,85,22,3.13,AO,few clouds,0.0,0,2020-07-01 03:31:24
200,Cayenne,4.93,-52.33,75.2,100,100,6.82,GF,moderate rain,1.5,0,2020-07-01 03:31:25
201,Stonewall,50.13,-97.33,69.8,88,90,8.05,CA,thunderstorm with rain,0.0,0,2020-07-01 03:30:11
202,Klaksvik,62.23,-6.59,42.8,81,100,8.05,FO,light rain,0.0,0,2020-07-01 03:31:25
203,Torbay,47.67,-52.73,68.0,100,90,21.92,CA,mist,0.0,0,2020-07-01 03:31:26
204,Naze,28.37,129.48,77.0,100,75,17.22,JP,light rain,0.0,0,2020-07-01 03:30:42
205,Chabahar,25.29,60.64,86.32,72,54,9.93,IR,broken clouds,0.0,0,2020-07-01 03:31:26
206,Guastalla,44.91,10.66,75.0,62,11,2.77,IT,few clouds,0.0,0,2020-07-01 03:31:27
207,Souillac,-20.52,57.52,62.6,93,40,6.93,MU,scattered clouds,0.0,0,2020-07-01 03:30:09
208,Sarkand,45.41,79.92,81.66,17,0,6.96,KZ,clear sky,0.0,0,2020-07-01 03:31:28
209,Soto La Marina,23.77,-98.22,82.0,90,68,7.0,MX,broken clouds,0.0,0,2020-07-01 03:31:28
210,Buala,-8.14,159.59,83.05,75,62,6.4,SB,light rain,0.29,0,2020-07-01 03:30:08
211,Black River,18.03,-77.85,80.6,78,20,4.7,JM,thunderstorm,0.0,0,2020-07-01 03:31:29
212,North Platte,41.12,-100.77,69.8,43,1,4.7,US,clear sky,0.0,0,2020-07-01 03:31:29
213,Kattivakkam,13.22,80.32,84.2,79,90,4.7,IN,mist,0.0,0,2020-07-01 03:31:29
214,Srednekolymsk,67.45,153.68,62.56,36,2,12.19,RU,clear sky,0.0,0,2020-07-01 03:31:30
215,Maniwaki,46.38,-75.97,61.38,91,6,0.92,CA,clear sky,0.0,0,2020-07-01 03:31:30
216,Longyearbyen,78.22,15.64,44.6,56,100,11.41,SJ,overcast clouds,0.0,0,2020-07-01 03:31:30
217,Russell,32.35,-85.2,75.2,94,90,2.21,US,overcast clouds,0.0,0,2020-07-01 03:30:15
218,Kruisfontein,-34.0,24.73,54.48,51,0,11.03,ZA,clear sky,0.0,0,2020-07-01 03:31:31
219,Dubai,25.26,55.3,93.2,63,0,13.87,AE,clear sky,0.0,0,2020-07-01 03:29:20
220,Horovice,49.84,13.9,59.0,100,0,5.28,CZ,clear sky,0.0,0,2020-07-01 03:31:32
221,Noumea,-22.28,166.46,73.4,49,75,16.11,NC,broken clouds,0.0,0,2020-07-01 03:30:07
222,Sao Gabriel Da Cachoeira,-0.13,-67.09,72.54,95,15,1.12,BR,few clouds,0.0,0,2020-07-01 03:31:32
223,Maningrida,-12.07,134.27,83.89,48,37,11.63,AU,scattered clouds,0.0,0,2020-07-01 03:31:33
224,Haysville,37.56,-97.35,88.0,62,1,19.46,US,clear sky,0.0,0,2020-07-01 03:28:32
225,Usak,38.5,29.42,64.4,48,0,9.17,TR,clear sky,0.0,0,2020-07-01 03:31:33
226,Trebisacce,39.87,16.53,71.01,59,0,4.54,IT,clear sky,0.0,0,2020-07-01 03:31:34
227,Billings,45.78,-108.5,62.01,51,40,13.87,US,scattered clouds,0.0,0,2020-07-01 03:29:09
228,Harper,4.38,-7.72,75.06,79,100,3.36,LR,overcast clouds,0.0,0,2020-07-01 03:31:34
229,Paamiut,61.99,-49.67,39.16,95,100,2.73,GL,overcast clouds,0.0,0,2020-07-01 03:31:35
230,General Cepeda,25.38,-101.45,73.4,43,5,3.8,MX,clear sky,0.0,0,2020-07-01 03:31:35
231,Butaritari,3.07,172.79,83.35,71,0,6.96,KI,clear sky,0.0,0,2020-07-01 03:29:55
232,Thompson,55.74,-97.86,62.6,82,40,10.29,CA,scattered clouds,0.0,0,2020-07-01 03:31:36
233,Margate,51.38,1.39,61.0,87,81,1.99,GB,broken clouds,0.0,0,2020-07-01 03:31:36
234,Revda,56.8,59.93,51.8,87,74,8.95,RU,broken clouds,0.0,0,2020-07-01 03:31:37
235,Novoagansk,61.94,76.66,58.86,69,88,5.7,RU,overcast clouds,0.0,0,2020-07-01 03:31:37
236,Waipawa,-41.41,175.52,48.2,70,100,34.45,NZ,light rain,0.58,0,2020-07-01 03:31:38
237,Kaeo,-35.1,173.78,60.01,72,53,3.0,NZ,light rain,0.22,0,2020-07-01 03:31:38
238,Concordia,-31.39,-58.02,51.01,92,99,11.01,AR,light rain,0.0,0,2020-07-01 03:28:10
239,Luganville,-15.53,167.17,77.0,61,75,6.93,VU,broken clouds,0.0,0,2020-07-01 03:31:39
240,Nizhniy Ingash,56.2,96.53,81.81,53,56,9.24,RU,broken clouds,0.0,0,2020-07-01 03:31:39
241,Pocone,-16.26,-56.62,76.03,53,100,2.51,BR,overcast clouds,0.0,0,2020-07-01 03:31:39
242,Nawa,27.02,75.0,99.37,35,6,10.69,IN,clear sky,0.0,0,2020-07-01 03:31:40
243,Provideniya,64.38,-173.3,46.4,87,90,11.18,RU,fog,0.0,0,2020-07-01 03:31:40
244,Evensk,61.95,159.23,60.71,32,0,4.54,RU,clear sky,0.0,0,2020-07-01 03:31:40
245,Bitung,1.45,125.18,78.8,78,75,13.87,ID,broken clouds,0.0,0,2020-07-01 03:31:40
246,Port Hedland,-20.32,118.57,82.4,30,92,4.7,AU,overcast clouds,0.0,0,2020-07-01 03:31:41
247,Bowling Green,36.99,-86.44,75.2,88,1,4.7,US,clear sky,0.0,0,2020-07-01 03:31:41
248,Peniche,39.36,-9.38,66.0,89,25,10.0,PT,scattered clouds,0.0,0,2020-07-01 03:28:31
249,Leningradskiy,69.38,178.42,36.1,95,95,5.53,RU,overcast clouds,0.0,0,2020-07-01 03:30:17
250,Bengkulu,-3.8,102.27,85.41,57,42,3.36,ID,scattered clouds,0.0,0,2020-07-01 03:31:42
251,Cockburn Town,21.46,-71.14,82.63,77,4,15.28,TC,light rain,0.2,0,2020-07-01 03:31:42
252,Medea,36.26,2.75,75.2,83,20,10.29,DZ,few clouds,0.0,0,2020-07-01 03:31:42
253,Francisco Sa,-16.48,-43.49,60.82,92,34,4.61,BR,scattered clouds,0.0,0,2020-07-01 03:31:43
254,Kirakira,-10.45,161.92,81.97,77,35,11.48,SB,light rain,0.24,0,2020-07-01 03:30:03
255,Tiznit,29.58,-9.5,74.95,29,0,1.92,MA,clear sky,0.0,0,2020-07-01 03:31:43
256,Thinadhoo,0.53,72.93,84.0,63,61,2.86,MV,broken clouds,0.0,0,2020-07-01 03:31:44
257,Antofagasta,-23.65,-70.4,59.0,77,90,4.7,CL,overcast clouds,0.0,0,2020-07-01 03:28:28
258,Avera,33.19,-82.53,80.6,78,1,3.36,US,clear sky,0.0,0,2020-07-01 03:31:45
259,Panguna,-6.32,155.48,77.58,78,95,1.79,PG,light rain,0.3,0,2020-07-01 03:31:45
260,Marsa Matruh,31.35,27.25,68.0,88,0,10.29,EG,clear sky,0.0,0,2020-07-01 03:31:45
261,Sola,-13.88,167.55,77.23,80,99,26.78,VU,overcast clouds,0.0,0,2020-07-01 03:31:46
262,Jumla,29.27,82.18,70.75,55,77,4.36,NP,light rain,0.19,0,2020-07-01 03:31:46
263,Kununurra,-15.77,128.73,87.8,18,28,11.41,AU,scattered clouds,0.0,0,2020-07-01 03:31:46
264,Sarh,9.14,18.39,75.2,94,100,4.07,TD,light rain,0.49,0,2020-07-01 03:31:47
265,Beira,-19.84,34.84,68.0,88,40,6.93,MZ,scattered clouds,0.0,0,2020-07-01 03:31:47
266,Chipinge,-20.19,32.62,46.15,99,5,3.09,ZW,clear sky,0.0,0,2020-07-01 03:31:47
267,Hammerfest,70.66,23.68,41.0,93,75,21.92,NO,shower rain,0.0,0,2020-07-01 03:31:48
268,Bathsheba,13.22,-59.52,80.6,83,20,13.87,BB,few clouds,0.0,0,2020-07-01 03:31:48
269,Kismayo,-0.36,42.55,78.62,79,86,14.56,SO,overcast clouds,0.0,0,2020-07-01 03:31:48
270,Sudak,44.85,34.97,76.66,67,16,1.48,UA,few clouds,0.0,0,2020-07-01 03:31:49
271,Sitka,57.05,-135.33,55.4,76,75,13.87,US,broken clouds,0.0,0,2020-07-01 03:31:49
272,Nantucket,41.28,-70.1,64.99,93,75,3.36,US,broken clouds,0.0,0,2020-07-01 03:31:49
273,Abdanan,32.99,47.42,84.61,19,0,6.51,IR,clear sky,0.0,0,2020-07-01 03:31:50
274,Micheweni,-4.97,39.83,76.48,80,7,15.48,TZ,clear sky,0.0,0,2020-07-01 03:31:50
275,Kanigiri,15.4,79.52,86.81,62,89,11.65,IN,overcast clouds,0.0,0,2020-07-01 03:31:50
276,Mundo Nuevo,18.7,-95.5,81.97,80,71,7.11,MX,broken clouds,0.0,0,2020-07-01 03:31:51
277,Dvinskoy,62.15,45.12,57.04,63,98,11.65,RU,overcast clouds,0.0,0,2020-07-01 03:31:51
278,Loandjili,-4.76,11.86,71.6,94,75,2.24,CG,broken clouds,0.0,0,2020-07-01 03:31:51
279,Casablanca,33.59,-7.62,71.01,100,75,5.82,MA,broken clouds,0.0,0,2020-07-01 03:30:48
280,Aklavik,68.22,-135.01,59.0,62,75,10.29,CA,broken clouds,0.0,0,2020-07-01 03:31:52
281,Salta,-24.79,-65.41,44.6,48,0,6.93,AR,clear sky,0.0,0,2020-07-01 03:31:53
282,Mweka,-4.85,21.57,66.58,89,47,2.39,CD,scattered clouds,0.0,0,2020-07-01 03:31:53
283,Gat,31.61,34.76,72.0,85,0,6.11,IL,clear sky,0.0,0,2020-07-01 03:31:53
284,Cukai,4.25,103.42,87.8,70,20,8.05,MY,few clouds,0.0,0,2020-07-01 03:31:54
285,North Bend,43.41,-124.22,61.0,87,75,12.75,US,broken clouds,0.0,0,2020-07-01 03:31:54
286,Goundi,9.36,17.37,72.25,95,100,2.68,TD,light rain,0.11,0,2020-07-01 03:31:54
287,Cabo San Lucas,22.89,-109.91,79.0,88,0,1.99,MX,clear sky,0.0,0,2020-07-01 03:31:55
288,Shchigry,51.88,36.9,64.4,88,75,4.47,RU,broken clouds,0.0,0,2020-07-01 03:31:55
289,Roma,43.21,-75.46,64.99,93,75,2.39,US,light rain,0.0,0,2020-07-01 03:29:16
290,Stolin,51.89,26.85,60.76,88,27,6.73,BY,scattered clouds,0.0,0,2020-07-01 03:31:55
291,Manavalakurichi,8.13,77.3,86.0,66,20,5.82,IN,few clouds,0.0,0,2020-07-01 03:31:56
292,Yermakovskoye,53.28,92.4,72.82,64,100,2.37,RU,overcast clouds,0.0,0,2020-07-01 03:31:56
293,Vesele,47.01,34.91,74.43,66,25,5.84,UA,scattered clouds,0.0,0,2020-07-01 03:31:57
294,Okha,53.57,142.95,51.73,84,100,7.87,RU,overcast clouds,0.0,0,2020-07-01 03:31:57
295,Pandharpur,17.67,75.33,80.6,74,96,11.45,IN,overcast clouds,0.0,0,2020-07-01 03:31:57
296,Katobu,-4.94,122.53,85.12,62,49,5.32,ID,scattered clouds,0.0,0,2020-07-01 03:31:58
297,Rawson,-43.3,-65.1,44.29,87,100,17.81,AR,light rain,0.35,0,2020-07-01 03:30:44
298,Rafsanjan,30.41,55.99,86.74,16,0,2.73,IR,clear sky,0.0,0,2020-07-01 03:31:58
299,Grindavik,63.84,-22.43,48.2,93,90,10.29,IS,overcast clouds,0.0,0,2020-07-01 03:31:59
300,Pevek,69.7,170.31,38.66,85,100,9.93,RU,overcast clouds,0.0,0,2020-07-01 03:31:59
301,Kudahuvadhoo,2.67,72.89,83.93,66,34,4.59,MV,scattered clouds,0.0,0,2020-07-01 03:31:59
302,Senanga,-16.12,23.27,51.19,67,0,5.46,ZM,clear sky,0.0,0,2020-07-01 03:32:00
303,Saldanha,-33.01,17.94,48.2,87,0,5.82,ZA,clear sky,0.0,0,2020-07-01 03:32:00
304,Cache Creek,50.81,-121.32,59.0,58,1,9.17,CA,clear sky,0.0,0,2020-07-01 03:30:11
305,Juegang,32.32,121.19,78.01,67,54,10.2,CN,broken clouds,0.0,0,2020-07-01 03:32:01
306,Yerbogachen,61.28,108.01,86.99,37,100,2.46,RU,overcast clouds,0.0,0,2020-07-01 03:32:01
307,Zaysan,47.47,84.87,66.72,48,100,1.36,KZ,overcast clouds,0.0,0,2020-07-01 03:32:02
308,Grand Gaube,-20.01,57.66,68.0,79,5,3.0,MU,clear sky,0.0,0,2020-07-01 03:32:02
309,Kochevo,59.6,54.31,54.16,56,95,2.77,RU,overcast clouds,0.0,0,2020-07-01 03:32:02
310,Namibe,-15.2,12.15,67.91,74,0,6.13,AO,clear sky,0.0,0,2020-07-01 03:32:03
311,Genhe,50.78,121.52,85.44,21,2,7.11,CN,clear sky,0.0,0,2020-07-01 03:32:03
312,Hambantota,6.12,81.12,78.8,100,75,3.36,LK,broken clouds,0.0,0,2020-07-01 03:32:03
313,Archidona,37.1,-4.39,73.99,88,0,3.22,ES,clear sky,0.0,0,2020-07-01 03:32:04
314,Kupino,54.37,77.3,73.62,65,67,13.69,RU,broken clouds,0.0,0,2020-07-01 03:32:04
315,Batagay-Alyta,67.8,130.41,78.06,33,51,10.58,RU,broken clouds,0.0,0,2020-07-01 03:30:30
316,Llangefni,53.26,-4.31,57.2,93,81,6.93,GB,broken clouds,0.0,0,2020-07-01 03:32:05
317,Pio Xii,-3.83,-45.15,72.21,90,0,2.84,BR,clear sky,0.0,0,2020-07-01 03:32:05
318,Sangar,63.92,127.47,80.76,37,73,4.61,RU,broken clouds,0.0,0,2020-07-01 03:32:05
319,Ereymentau,51.62,73.1,73.58,49,99,5.03,KZ,overcast clouds,0.0,0,2020-07-01 03:32:06
320,Tsiroanomandidy,-18.77,46.03,56.8,67,0,2.28,MG,clear sky,0.0,0,2020-07-01 03:32:06
321,Manuk Mangkaw,4.8,119.85,84.2,68,72,6.71,PH,broken clouds,0.0,0,2020-07-01 03:32:06
322,Ferkessedougou,9.6,-5.2,71.71,92,76,5.86,CI,broken clouds,0.0,0,2020-07-01 03:32:07
323,Hualmay,-11.1,-77.61,59.68,84,70,7.87,PE,broken clouds,0.0,0,2020-07-01 03:32:07
324,Vardo,70.37,31.11,46.4,93,75,13.87,NO,light rain,0.0,0,2020-07-01 03:32:07
325,Maragogi,-9.01,-35.22,74.55,86,3,8.97,BR,light rain,0.39,0,2020-07-01 03:32:08
326,Blagoyevo,63.37,47.92,56.93,57,83,11.79,RU,broken clouds,0.0,0,2020-07-01 03:32:08
327,Beisfjord,68.38,17.6,46.4,81,100,8.05,NO,overcast clouds,0.0,0,2020-07-01 03:32:08
328,Daru,-9.08,143.21,79.47,79,79,14.54,PG,light rain,0.13,0,2020-07-01 03:30:15
329,Mariakani,-3.86,39.47,73.4,100,75,4.7,KE,light intensity shower rain,0.0,0,2020-07-01 03:32:09
330,Lasa,46.62,10.7,59.0,100,90,2.24,IT,mist,0.0,0,2020-07-01 03:32:09
331,Coquimbo,-29.95,-71.34,51.8,87,92,6.93,CL,overcast clouds,0.0,0,2020-07-01 03:32:10
332,Muros,42.78,-9.06,64.0,92,81,7.0,ES,broken clouds,0.0,0,2020-07-01 03:32:10
333,Indianola,41.36,-93.56,75.2,83,90,10.29,US,overcast clouds,0.0,0,2020-07-01 03:32:04
334,Veraval,20.9,70.37,86.0,72,17,6.33,IN,few clouds,0.0,0,2020-07-01 03:32:11
335,Karratha,-20.74,116.85,84.6,26,64,11.39,AU,broken clouds,0.0,0,2020-07-01 03:32:11
336,Tessalit,20.2,1.01,79.54,51,0,6.51,ML,clear sky,0.0,0,2020-07-01 03:32:11
337,Kalmunai,7.42,81.82,87.58,59,73,6.17,LK,broken clouds,0.0,0,2020-07-01 03:32:12
338,Caracollo,-14.92,-70.66,34.47,56,5,0.63,PE,clear sky,0.0,0,2020-07-01 03:32:12
339,Coihaique,-45.58,-72.07,37.4,87,90,3.36,CL,overcast clouds,0.0,0,2020-07-01 03:32:12
340,Kiruna,67.86,20.23,39.2,93,100,10.29,SE,light intensity drizzle,0.0,0,2020-07-01 03:32:13
341,Hima,0.3,30.18,65.52,65,100,0.63,UG,overcast clouds,0.0,0,2020-07-01 03:32:13
342,Honningsvag,70.98,25.97,43.61,91,100,23.47,NO,overcast clouds,0.0,0,2020-07-01 03:32:13
343,Champerico,14.3,-91.92,80.67,79,100,1.48,GT,light rain,0.15,0,2020-07-01 03:32:14
344,Portland,45.52,-122.68,63.0,59,75,9.17,US,broken clouds,0.0,0,2020-07-01 03:29:26
345,Riohacha,11.54,-72.91,79.65,77,22,9.62,CO,few clouds,0.0,0,2020-07-01 03:29:45
346,Bilma,18.69,12.92,84.81,13,0,6.89,NE,clear sky,0.0,0,2020-07-01 03:32:14
347,Ust-Tsilma,65.44,52.15,58.71,49,100,10.63,RU,overcast clouds,0.0,0,2020-07-01 03:32:15
348,Mungwi,-10.17,31.37,52.38,98,63,4.59,ZM,broken clouds,0.0,0,2020-07-01 03:32:15
349,Qala,40.44,50.17,73.4,88,20,2.24,AZ,few clouds,0.0,0,2020-07-01 03:32:16
350,San Luis,-33.3,-66.34,37.63,79,86,4.23,AR,overcast clouds,0.0,0,2020-07-01 03:31:14
351,Castro,-24.79,-50.01,58.37,92,88,12.46,BR,overcast clouds,0.0,0,2020-07-01 03:30:01
352,Darhan,49.49,105.92,77.11,45,0,12.82,MN,clear sky,0.0,0,2020-07-01 03:32:16
353,Lagoa,39.05,-27.98,63.93,86,94,10.63,PT,overcast clouds,0.0,0,2020-07-01 03:30:01
354,Hovd,48.01,91.64,64.38,46,95,8.46,MN,light rain,0.3,0,2020-07-01 03:32:17
355,Hushitai,41.93,123.51,82.4,54,26,8.95,CN,scattered clouds,0.0,0,2020-07-01 03:32:17
356,Yankton,42.87,-97.4,80.01,88,20,9.17,US,few clouds,0.0,0,2020-07-01 03:31:38
357,Biak,-0.91,122.88,76.78,86,100,4.21,ID,moderate rain,1.15,0,2020-07-01 03:32:18
358,Kadoma,34.73,135.58,82.4,65,40,11.41,JP,scattered clouds,0.0,0,2020-07-01 03:32:18
359,Ocampo,21.65,-101.5,63.81,69,97,10.29,MX,overcast clouds,0.0,0,2020-07-01 03:32:19
360,Ahipara,-35.17,173.17,55.62,76,19,14.92,NZ,light rain,0.32,0,2020-07-01 03:32:19
361,Pangoa,-12.12,-73.0,68.68,85,29,2.17,PE,scattered clouds,0.0,0,2020-07-01 03:32:19
362,Hailun,47.45,126.93,81.66,50,0,7.78,CN,clear sky,0.0,0,2020-07-01 03:32:20
363,Victoria,22.29,114.16,90.0,74,100,3.0,HK,overcast clouds,0.0,0,2020-07-01 03:30:05
364,Ahuimanu,21.44,-157.84,86.0,62,40,11.41,US,scattered clouds,0.0,0,2020-07-01 03:32:20
365,Providencia,28.72,-111.58,86.0,73,0,5.99,MX,clear sky,0.0,0,2020-07-01 03:32:21
366,Allonnes,47.97,0.16,64.4,88,90,5.82,FR,overcast clouds,0.0,0,2020-07-01 03:32:21
367,Kamaishi,39.27,141.88,75.2,94,75,6.93,JP,light intensity shower rain,0.0,0,2020-07-01 03:32:21
368,Jizan,17.33,42.67,89.6,62,92,6.93,SA,overcast clouds,0.0,0,2020-07-01 03:32:22
369,Mount Gambier,-37.83,140.77,59.0,58,40,14.99,AU,scattered clouds,0.0,0,2020-07-01 03:29:57
370,Seguela,7.96,-6.67,69.94,97,66,5.95,CI,broken clouds,0.0,0,2020-07-01 03:32:22
371,Qidong,31.81,121.66,87.01,56,70,3.0,CN,broken clouds,0.0,0,2020-07-01 03:30:15
372,Walvis Bay,-22.96,14.51,61.0,30,0,15.57,NA,clear sky,0.0,0,2020-07-01 03:32:23
373,Urucara,-2.54,-57.76,73.58,94,0,2.44,BR,clear sky,0.0,0,2020-07-01 03:32:23
374,Sebeta,8.92,38.62,57.2,87,75,6.93,ET,broken clouds,0.0,0,2020-07-01 03:32:23
375,Menongue,-14.66,17.69,46.67,55,0,2.93,AO,clear sky,0.0,0,2020-07-01 03:32:24
376,Lorengau,-2.02,147.27,85.48,67,65,6.71,PG,broken clouds,0.0,0,2020-07-01 03:32:24
377,Mildura,-34.2,142.15,68.0,24,4,14.99,AU,clear sky,0.0,0,2020-07-01 03:30:49
378,Nalut,30.33,10.85,76.55,35,0,9.89,LY,clear sky,0.0,0,2020-07-01 03:32:25
379,Tukrah,32.53,20.58,70.02,85,0,2.21,LY,clear sky,0.0,0,2020-07-01 03:32:25
380,Puerto Escondido,15.85,-97.07,81.95,73,100,5.12,MX,overcast clouds,0.0,0,2020-07-01 03:32:25
381,Abha,18.22,42.51,73.4,43,76,10.2,SA,broken clouds,0.0,0,2020-07-01 03:32:26
382,Port Lincoln,-34.73,135.87,61.9,66,0,29.82,AU,light rain,0.31,0,2020-07-01 03:32:26
383,Makakilo City,21.35,-158.09,87.8,48,1,6.93,US,clear sky,0.0,0,2020-07-01 03:32:26
384,Tornio,65.85,24.15,51.8,100,90,11.41,FI,light rain,0.0,0,2020-07-01 03:32:27
385,Shuyskoye,59.37,41.03,53.56,97,100,9.46,RU,light rain,0.42,0,2020-07-01 03:32:27
386,Burns Lake,54.23,-125.75,57.54,69,100,4.61,CA,light rain,0.18,0,2020-07-01 03:32:27
387,Mayskiy,47.69,40.1,69.8,60,1,6.71,RU,clear sky,0.0,0,2020-07-01 03:32:28
388,Zhangye,38.93,100.45,83.21,15,0,4.14,CN,clear sky,0.0,0,2020-07-01 03:32:28
389,Kijang,35.24,129.21,78.8,50,40,3.36,KR,scattered clouds,0.0,0,2020-07-01 03:32:28
390,Hamilton,39.18,-84.53,75.0,94,1,2.62,US,mist,0.0,0,2020-07-01 03:32:29
391,Sao Felix Do Xingu,-6.64,-51.99,72.32,75,55,1.19,BR,broken clouds,0.0,0,2020-07-01 03:32:29
392,Kinablangan,7.69,126.55,81.82,75,100,2.73,PH,light rain,0.2,0,2020-07-01 03:32:29
393,Hasaki,35.73,140.83,79.0,83,75,18.34,JP,light intensity shower rain,0.0,0,2020-07-01 03:32:30
394,Olafsvik,64.89,-23.71,49.46,82,57,6.44,IS,broken clouds,0.0,0,2020-07-01 03:30:05
395,Kieta,-6.22,155.63,83.62,66,79,5.5,PG,light rain,0.13,0,2020-07-01 03:32:30
396,Belmonte,-15.86,-38.88,71.6,88,40,2.24,BR,shower rain,0.0,0,2020-07-01 03:32:31
397,Dhidhdhoo,6.88,73.1,83.37,76,88,11.39,MV,light rain,0.17,0,2020-07-01 03:32:31
398,Saint Anthony,45.02,-93.22,82.4,65,1,8.05,US,moderate rain,0.0,0,2020-07-01 03:30:43
399,Mahebourg,-20.41,57.7,62.6,93,40,6.93,MU,scattered clouds,0.0,0,2020-07-01 03:32:32
400,Libertador General San Martin,-23.81,-64.79,49.6,50,0,2.66,AR,clear sky,0.0,0,2020-07-01 03:32:32
401,Nouadhibou,20.93,-17.03,69.8,83,0,12.75,MR,clear sky,0.0,0,2020-07-01 03:32:32
402,Abu Zabad,12.35,29.25,79.16,58,36,11.16,SD,scattered clouds,0.0,0,2020-07-01 03:32:33
403,Bonthe,7.53,-12.51,77.58,87,96,6.67,SL,light rain,0.4,0,2020-07-01 03:32:33
404,Clarence Town,-32.58,151.78,70.0,42,0,10.29,AU,clear sky,0.0,0,2020-07-01 03:32:33
405,Pontianak,-0.03,109.33,89.44,55,27,2.98,ID,scattered clouds,0.0,0,2020-07-01 03:32:34
406,Rakai,-0.72,31.48,57.78,67,87,3.42,UG,overcast clouds,0.0,0,2020-07-01 03:32:34
407,Tual,-5.67,132.75,79.75,82,38,21.3,ID,light rain,0.25,0,2020-07-01 03:32:34
408,Banda Aceh,5.56,95.32,85.14,67,86,4.83,ID,overcast clouds,0.0,0,2020-07-01 03:32:34
409,Ancud,-41.87,-73.82,50.0,93,90,14.99,CL,overcast clouds,0.0,0,2020-07-01 03:32:35
410,Mao,39.89,4.27,73.4,88,0,9.17,ES,clear sky,0.0,0,2020-07-01 03:32:35
411,Mercogliano,40.92,14.74,70.0,76,0,1.3,IT,clear sky,0.0,0,2020-07-01 03:32:36
412,Ponta Do Sol,32.67,-17.1,71.6,64,40,10.29,PT,scattered clouds,0.0,0,2020-07-01 03:29:52
413,Diffa,13.32,12.61,79.32,57,0,7.92,NE,clear sky,0.0,0,2020-07-01 03:32:36
414,Aqtobe,50.28,57.21,57.2,58,61,8.95,KZ,broken clouds,0.0,0,2020-07-01 03:29:20
415,Inhambane,-23.86,35.38,65.93,78,35,9.78,MZ,scattered clouds,0.0,0,2020-07-01 03:32:37
416,Ponta Delgada,37.73,-25.67,66.99,88,75,4.7,PT,broken clouds,0.0,0,2020-07-01 03:32:37
417,Fairbanks,64.84,-147.72,54.0,71,75,8.19,US,light rain,0.76,0,2020-07-01 03:32:37
418,Tawau,4.25,117.89,87.8,70,40,4.7,MY,scattered clouds,0.0,0,2020-07-01 03:32:38
419,Adrar,20.5,-10.07,90.34,34,0,10.45,MR,clear sky,0.0,0,2020-07-01 03:32:38
420,Los Llanos De Aridane,28.66,-17.92,69.8,88,90,13.87,ES,overcast clouds,0.0,0,2020-07-01 03:32:39
421,Sibu,2.3,111.82,86.0,74,40,3.36,MY,scattered clouds,0.0,0,2020-07-01 03:30:23
422,Sekoma,-24.4,23.88,45.3,83,0,10.92,BW,clear sky,0.0,0,2020-07-01 03:32:39
423,Sept-Iles,50.2,-66.38,53.6,93,20,2.24,CA,few clouds,0.0,0,2020-07-01 03:30:08
424,Morgan City,29.7,-91.21,82.4,94,1,5.82,US,clear sky,0.0,0,2020-07-01 03:32:40
425,Qinzhou,21.95,108.62,93.65,54,98,11.18,CN,overcast clouds,0.0,0,2020-07-01 03:32:40
426,General Roca,-39.03,-67.58,42.8,87,75,3.36,AR,broken clouds,0.0,0,2020-07-01 03:32:40
427,Saint George,37.1,-113.58,84.99,10,1,6.93,US,clear sky,0.0,0,2020-07-01 03:29:02
428,Saint-Georges,12.06,-61.75,80.6,88,20,16.11,GD,few clouds,0.0,0,2020-07-01 03:32:41
429,Guastatoya,14.85,-90.06,66.2,88,75,9.17,GT,broken clouds,0.0,0,2020-07-01 03:32:42
430,Chico,39.73,-121.84,89.6,21,1,5.82,US,clear sky,0.0,0,2020-07-01 03:30:01
431,Santiago Del Estero,-27.8,-64.26,52.43,43,0,9.64,AR,clear sky,0.0,0,2020-07-01 03:32:42
432,Gayny,60.31,54.32,54.77,54,98,3.27,RU,overcast clouds,0.0,0,2020-07-01 03:32:43
433,Paombong,14.83,120.78,91.4,59,51,6.31,PH,broken clouds,0.0,0,2020-07-01 03:32:43
434,Millinocket,45.66,-68.71,66.2,93,90,4.7,US,overcast clouds,0.0,0,2020-07-01 03:32:43
435,Cururupu,-1.83,-44.87,73.24,94,1,1.21,BR,clear sky,0.0,0,2020-07-01 03:32:43
436,Zyryanka,65.75,150.85,66.06,30,44,9.62,RU,scattered clouds,0.0,0,2020-07-01 03:32:44
437,Talnakh,69.49,88.4,57.2,87,75,22.37,RU,broken clouds,0.0,0,2020-07-01 03:32:44
438,Namtsy,62.72,129.67,82.4,28,6,4.47,RU,smoke,0.0,0,2020-07-01 03:32:44
439,Arman,59.7,150.17,58.46,51,100,6.78,RU,overcast clouds,0.0,0,2020-07-01 03:32:45
440,Ous,60.91,61.52,55.9,47,100,3.83,RU,overcast clouds,0.0,0,2020-07-01 03:32:45
441,Annur,11.23,77.13,78.8,83,40,11.41,IN,scattered clouds,0.0,0,2020-07-01 03:32:45
442,Sembabule,-0.08,31.46,60.64,63,99,4.7,UG,overcast clouds,0.0,0,2020-07-01 03:32:46
443,Korla,41.76,86.15,77.0,60,58,1.01,CN,broken clouds,0.0,0,2020-07-01 03:32:46
444,Acari,-15.43,-74.62,61.63,68,79,2.91,PE,broken clouds,0.0,0,2020-07-01 03:32:46
445,Kragujevac,44.02,20.92,59.0,100,0,3.36,RS,clear sky,0.0,0,2020-07-01 03:32:47
446,Alexandria,31.22,29.96,73.4,83,40,9.17,EG,scattered clouds,0.0,0,2020-07-01 03:32:47
447,Lumphat,13.49,106.98,74.95,95,99,3.83,KH,overcast clouds,0.0,0,2020-07-01 03:32:47
448,Dunedin,-45.87,170.5,44.01,85,100,3.0,NZ,light rain,0.13,0,2020-07-01 03:30:06
449,Vavuniya,8.75,80.5,86.32,63,89,9.01,LK,overcast clouds,0.0,0,2020-07-01 03:32:48
450,Fort Nelson,58.81,-122.7,68.0,56,75,6.93,CA,broken clouds,0.0,0,2020-07-01 03:32:49
451,Bodden Town,19.28,-81.25,82.99,74,4,5.01,KY,clear sky,0.0,0,2020-07-01 03:32:49
452,Polyanka,50.26,27.69,61.29,84,1,6.04,UA,clear sky,0.0,0,2020-07-01 03:32:49
453,Xiongzhou,25.12,114.3,93.34,53,54,4.25,CN,light rain,0.11,0,2020-07-01 03:32:50
454,Kemijarvi,66.71,27.43,51.44,96,100,6.13,FI,moderate rain,1.15,0,2020-07-01 03:32:50
455,Tateyama,34.98,139.87,75.2,94,75,19.46,JP,"shower rain, mist",0.0,0,2020-07-01 03:32:50
456,Bekhtery,46.25,32.29,71.64,80,1,11.54,UA,clear sky,0.0,0,2020-07-01 03:32:51
457,Tilichiki,60.47,166.1,56.32,39,3,18.9,RU,clear sky,0.0,0,2020-07-01 03:32:51
458,Richards Bay,-28.78,32.04,59.59,81,49,3.78,ZA,scattered clouds,0.0,0,2020-07-01 03:32:51
459,Bardiyah,31.76,25.09,72.0,89,0,16.42,LY,clear sky,0.0,0,2020-07-01 03:32:52
460,Anadyr,64.75,177.48,44.6,100,75,4.21,RU,light rain,0.0,0,2020-07-01 03:32:52
461,Sabang,5.89,95.32,82.35,75,44,3.29,ID,scattered clouds,0.0,0,2020-07-01 03:32:52
462,Clyde River,70.47,-68.59,33.8,100,90,3.36,CA,light rain,0.0,0,2020-07-01 03:32:52
463,Yangjiang,21.85,111.97,91.99,59,100,5.53,CN,light rain,0.13,0,2020-07-01 03:32:53
464,Koslan,63.46,48.9,57.2,55,68,11.41,RU,broken clouds,0.0,0,2020-07-01 03:32:53
465,Gazanjyk,39.24,55.52,83.01,24,0,6.4,TM,clear sky,0.0,0,2020-07-01 03:32:53
466,Auki,-8.77,160.7,83.48,73,21,4.0,SB,light rain,0.25,0,2020-07-01 03:32:54
467,Ternate,0.8,127.4,81.86,78,100,10.92,ID,moderate rain,2.73,0,2020-07-01 03:32:54
468,Noyabrsk,63.2,75.45,55.6,67,100,3.24,RU,overcast clouds,0.0,0,2020-07-01 03:32:54
469,Raudeberg,61.99,5.14,51.01,76,16,24.79,NO,few clouds,0.0,0,2020-07-01 03:32:55
470,Popondetta,-8.75,148.25,81.93,86,55,2.66,PG,moderate rain,1.94,0,2020-07-01 03:32:55
471,Sechura,-5.56,-80.82,64.49,81,0,12.01,PE,clear sky,0.0,0,2020-07-01 03:32:55
472,Lishu,43.3,124.33,85.57,33,38,12.44,CN,scattered clouds,0.0,0,2020-07-01 03:32:56
473,Catuday,16.29,119.81,84.43,76,87,12.55,PH,light rain,0.5,0,2020-07-01 03:32:56
474,Jasrana,27.25,78.68,97.39,38,0,6.8,IN,clear sky,0.0,0,2020-07-01 03:32:56
475,Bollnas,61.35,16.39,48.99,98,100,4.0,SE,overcast clouds,0.0,0,2020-07-01 03:32:57
476,Caibarien,22.52,-79.47,78.8,88,75,5.82,CU,broken clouds,0.0,0,2020-07-01 03:32:57
477,Calama,-22.47,-68.93,42.8,10,0,19.46,CL,clear sky,0.0,0,2020-07-01 03:28:44
478,San Cristobal,7.77,-72.22,65.35,82,33,2.44,VE,scattered clouds,0.0,0,2020-07-01 03:32:58
479,Shimoda,34.67,138.95,75.2,100,75,25.28,JP,"light intensity shower rain, mist",0.0,0,2020-07-01 03:32:58
480,Nome,64.5,-165.41,48.99,87,90,11.41,US,light rain,0.25,0,2020-07-01 03:32:58
481,Bandar-E Anzali,37.47,49.46,71.6,68,40,2.51,IR,scattered clouds,0.0,0,2020-07-01 03:32:59
482,Nuuk,64.18,-51.72,42.8,87,57,3.36,GL,broken clouds,0.0,0,2020-07-01 03:32:59
483,Porto Novo,6.5,2.6,77.0,94,40,5.82,BJ,light rain,0.0,0,2020-07-01 03:32:59
484,Wanning,18.8,110.4,85.68,73,100,6.82,CN,light rain,0.63,0,2020-07-01 03:33:00
485,Sioux Lookout,50.1,-91.92,73.4,88,40,3.36,CA,scattered clouds,0.0,0,2020-07-01 03:33:00
486,Bundaberg,-24.85,152.35,77.0,49,90,10.29,AU,overcast clouds,0.0,0,2020-07-01 03:33:00
487,Christchurch,-43.53,172.63,44.01,87,100,17.22,NZ,moderate rain,1.02,0,2020-07-01 03:28:58
488,Novo Aripuana,-5.12,-60.38,75.74,80,66,1.74,BR,broken clouds,0.0,0,2020-07-01 03:33:01
489,Seybaplaya,19.65,-90.67,84.29,62,0,10.29,MX,clear sky,0.0,0,2020-07-01 03:33:01
490,Buchanan,5.88,-10.05,75.2,94,75,6.51,LR,broken clouds,0.0,0,2020-07-01 03:33:02
491,Maralal,1.1,36.7,55.51,84,49,3.87,KE,scattered clouds,0.0,0,2020-07-01 03:33:02
492,Kaitangata,-46.28,169.85,46.0,61,100,7.0,NZ,light rain,0.12,0,2020-07-01 03:29:59
493,Lieksa,63.32,30.02,55.2,88,80,17.65,FI,light rain,0.4,0,2020-07-01 03:33:03
494,Bela,25.93,81.98,93.67,48,56,4.94,IN,broken clouds,0.0,0,2020-07-01 03:33:03
495,Grand-Santi,4.25,-54.38,73.0,97,64,1.43,GF,broken clouds,0.0,0,2020-07-01 03:33:04
496,Somerset,40.57,-74.55,71.01,88,20,2.37,US,few clouds,0.0,0,2020-07-01 03:32:40
497,Kenai,60.55,-151.26,64.4,51,1,10.29,US,clear sky,0.0,0,2020-07-01 03:33:04
498,Haines Junction,60.75,-137.51,60.82,41,21,5.57,CA,few clouds,0.0,0,2020-07-01 03:33:05
499,Tagudin,16.94,120.44,89.58,60,99,8.66,PH,overcast clouds,0.0,0,2020-07-01 03:33:05
500,Sorong,-0.88,131.25,82.04,80,43,11.48,ID,light rain,0.48,0,2020-07-01 03:33:05
501,Aberdeen,57.14,-2.1,52.0,93,90,10.29,GB,overcast clouds,0.0,0,2020-07-01 03:33:06
502,Komsomolskiy,40.43,71.72,82.4,24,21,4.7,UZ,few clouds,0.0,0,2020-07-01 03:33:06
503,Saint-Philippe,-21.36,55.77,66.2,48,0,9.17,RE,clear sky,0.0,0,2020-07-01 03:33:06
504,Racovita,45.7,21.64,59.0,100,0,6.93,RO,clear sky,0.0,0,2020-07-01 03:33:06
505,Tecoanapa,16.52,-98.75,82.67,67,100,1.21,MX,overcast clouds,0.0,0,2020-07-01 03:33:07
506,Iqaluit,63.75,-68.51,39.2,80,20,2.39,CA,few clouds,0.0,0,2020-07-01 03:33:07
507,Muroto,33.28,134.15,78.8,78,20,9.17,JP,few clouds,0.0,0,2020-07-01 03:33:07
508,Nichinan,31.6,131.37,84.2,54,20,17.22,JP,few clouds,0.0,0,2020-07-01 03:33:08
509,Black Forest,39.01,-104.7,68.0,37,90,6.93,US,overcast clouds,0.0,0,2020-07-01 03:33:08
510,Djougou,9.71,1.67,69.8,100,75,6.93,BJ,thunderstorm with light rain,0.0,0,2020-07-01 03:33:10
511,Betioky,-23.72,44.38,58.59,92,8,5.99,MG,clear sky,0.0,0,2020-07-01 03:33:10
512,Camapua,-19.53,-54.04,73.45,57,76,3.47,BR,broken clouds,0.0,0,2020-07-01 03:33:10
513,Gamba,-2.65,10.0,68.97,89,68,1.86,GA,broken clouds,0.0,0,2020-07-01 03:33:11
514,Khimki,55.9,37.44,64.99,82,20,11.18,RU,few clouds,0.0,0,2020-07-01 03:33:11
515,Mondlo,-27.98,30.72,41.54,88,3,3.18,ZA,clear sky,0.0,0,2020-07-01 03:33:11
516,Maldonado,-34.67,-54.92,53.01,93,90,23.04,UY,light rain,0.0,0,2020-07-01 03:33:11
517,Batsfjord,70.63,29.72,46.4,93,75,13.87,NO,light rain,0.0,0,2020-07-01 03:33:12
518,Seoul,37.57,126.98,73.4,78,90,5.82,KR,overcast clouds,0.0,0,2020-07-01 03:33:12
519,Fairview,40.81,-74.0,72.0,77,1,3.36,US,clear sky,0.0,0,2020-07-01 03:30:15
520,Bayburt,40.26,40.23,55.78,76,63,3.2,TR,broken clouds,0.0,0,2020-07-01 03:33:13
521,Pakxan,18.38,103.66,87.62,68,93,3.78,LA,light rain,0.75,0,2020-07-01 03:33:13
522,Swift Current,50.28,-107.8,60.8,93,90,8.05,CA,overcast clouds,0.0,0,2020-07-01 03:33:13
523,Bani Walid,31.76,13.99,66.65,56,0,2.98,LY,clear sky,0.0,0,2020-07-01 03:33:14
524,La Paz,-16.5,-68.15,37.4,12,0,8.05,BO,clear sky,0.0,0,2020-07-01 03:33:14
525,Linda,39.13,-121.55,87.8,23,1,5.82,US,clear sky,0.0,0,2020-07-01 03:33:14
526,Vina Del Mar,-33.02,-71.55,53.67,66,99,5.32,CL,overcast clouds,0.0,0,2020-07-01 03:30:01
527,Anao,15.14,120.69,87.8,62,75,9.17,PH,broken clouds,0.0,0,2020-07-01 03:33:15
528,Mareeba,-17.0,145.43,71.6,94,90,14.99,AU,overcast clouds,0.0,0,2020-07-01 03:33:15
529,Labuhan,-6.88,112.21,85.55,60,0,3.94,ID,clear sky,0.0,0,2020-07-01 03:33:16
530,Samarai,-10.62,150.67,78.35,84,95,18.37,PG,moderate rain,1.02,0,2020-07-01 03:30:15
531,Gravdal,68.12,13.5,45.54,84,84,15.75,NO,broken clouds,0.0,0,2020-07-01 03:33:16
532,Robore,-18.33,-59.75,67.95,73,100,8.72,BO,light rain,0.14,0,2020-07-01 03:33:16
533,Kongolo,-5.38,27.0,76.62,43,91,3.56,CD,overcast clouds,0.0,0,2020-07-01 03:33:17
534,Zhirnovsk,50.98,44.77,63.68,70,83,10.04,RU,broken clouds,0.0,0,2020-07-01 03:33:17
535,San Vicente,-26.62,-54.13,47.52,93,92,5.39,AR,overcast clouds,0.0,0,2020-07-01 03:33:17
536,Khilok,51.37,110.47,73.24,53,89,6.02,RU,light rain,0.37,0,2020-07-01 03:33:18
537,Umm Kaddadah,13.6,26.69,80.76,53,12,11.54,SD,few clouds,0.0,0,2020-07-01 03:33:18
538,Passo De Camaragibe,-9.24,-35.49,71.6,94,20,5.82,BR,few clouds,0.0,0,2020-07-01 03:33:18
539,Vallenar,-28.57,-70.76,60.03,32,17,3.49,CL,few clouds,0.0,0,2020-07-01 03:30:36
540,Brae,60.4,-1.35,48.2,76,94,13.87,GB,overcast clouds,0.0,0,2020-07-01 03:33:19
541,Soeng Sang,14.43,102.46,84.2,70,75,12.75,TH,broken clouds,0.0,0,2020-07-01 03:33:19
542,Yeniseysk,58.45,92.17,79.18,38,34,4.76,RU,scattered clouds,0.0,0,2020-07-01 03:33:20
543,Songjianghe,42.19,127.48,75.72,44,11,9.13,CN,few clouds,0.0,0,2020-07-01 03:33:20
544,Powell,40.16,-83.08,77.0,69,1,3.36,US,clear sky,0.0,0,2020-07-01 03:33:20
545,Turka,49.15,23.03,59.0,96,7,15.99,UA,clear sky,0.0,0,2020-07-01 03:33:21
546,Timbiqui,2.77,-77.67,75.09,93,70,5.19,CO,light rain,0.7,0,2020-07-01 03:33:21
547,Kifri,34.7,44.97,90.86,13,0,5.01,IQ,clear sky,0.0,0,2020-07-01 03:33:22
548,Nauta,-4.51,-73.58,72.19,96,0,0.63,PE,clear sky,0.0,0,2020-07-01 03:30:24
549,Mont-Dore,-22.28,166.58,72.0,95,28,12.77,NC,light rain,0.26,0,2020-07-01 03:30:47
550,Novyy Urengoy,66.08,76.63,53.58,73,92,5.88,RU,overcast clouds,0.0,0,2020-07-01 03:33:22
551,Berlevag,70.86,29.09,44.62,93,100,22.12,NO,light rain,0.66,0,2020-07-01 03:33:23
552,Pochutla,15.74,-96.47,77.0,92,100,3.69,MX,overcast clouds,0.0,0,2020-07-01 03:30:18
553,Okhotsk,59.38,143.3,56.48,67,79,8.52,RU,broken clouds,0.0,0,2020-07-01 03:30:30
554,Kandrian,-6.22,149.55,83.39,76,81,8.43,PG,moderate rain,1.58,0,2020-07-01 03:33:24
555,Agadir,30.42,-9.6,66.2,88,0,6.93,MA,clear sky,0.0,0,2020-07-01 03:30:23
556,Zunyi,27.69,106.91,72.59,94,100,2.57,CN,moderate rain,1.1,0,2020-07-01 03:33:24
557,Biltine,14.53,20.92,82.02,56,98,8.48,TD,overcast clouds,0.0,0,2020-07-01 03:33:25
558,Qasigiannguit,68.82,-51.19,42.8,75,100,1.12,GL,overcast clouds,0.0,0,2020-07-01 03:33:25
559,Manaus,-3.1,-60.02,78.8,94,40,2.17,BR,scattered clouds,0.0,0,2020-07-01 03:33:25
560,Nadym,65.53,72.52,56.57,59,39,10.83,RU,scattered clouds,0.0,0,2020-07-01 03:33:26
561,Peplos,40.96,26.27,73.36,65,0,8.1,GR,clear sky,0.0,0,2020-07-01 03:33:26
562,Chumikan,54.72,135.31,47.66,95,100,2.68,RU,light rain,0.26,0,2020-07-01 03:33:26
563,Eldorado,-23.79,-54.28,56.48,86,95,11.54,BR,overcast clouds,0.0,0,2020-07-01 03:33:26
564,Petropavlovsk-Kamchatskiy,53.05,158.65,73.4,46,32,13.42,RU,scattered clouds,0.0,0,2020-07-01 03:30:40
565,Dauphin,51.15,-100.05,73.4,73,90,6.93,CA,light rain,0.0,0,2020-07-01 03:33:27
566,Ugoofaaru,5.67,73.0,83.34,77,90,9.57,MV,overcast clouds,0.0,0,2020-07-01 03:33:27
567,Victoria Point,-27.58,153.3,73.0,64,11,3.0,AU,few clouds,0.0,0,2020-07-01 03:33:28
568,Vila,42.03,-8.16,64.0,93,75,5.82,PT,broken clouds,0.0,0,2020-07-01 03:33:28
569,Olenegorsk,68.15,33.3,53.11,83,100,13.0,RU,overcast clouds,0.0,0,2020-07-01 03:33:28
570,Dire Dawa,9.59,41.87,71.67,61,100,17.43,ET,overcast clouds,0.0,0,2020-07-01 03:33:29
571,Ganzhou,28.82,115.43,89.24,65,100,3.85,CN,overcast clouds,0.0,0,2020-07-01 03:33:29
572,Pontes E Lacerda,-15.23,-59.34,70.77,72,85,0.45,BR,overcast clouds,0.0,0,2020-07-01 03:33:29
573,Obera,-27.49,-55.12,48.74,87,94,7.9,AR,overcast clouds,0.0,0,2020-07-01 03:33:30
574,Ratnagiri,16.98,73.3,83.32,79,96,12.55,IN,overcast clouds,0.0,0,2020-07-01 03:33:30
575,Turayf,31.67,38.66,68.0,68,0,6.93,SA,clear sky,0.0,0,2020-07-01 03:33:30
576,Bonanza,14.03,-84.59,72.16,96,70,1.45,NI,broken clouds,0.0,0,2020-07-01 03:33:31
577,Nargana,9.44,-78.59,80.73,85,100,11.97,PA,moderate rain,2.74,0,2020-07-01 03:33:31
578,Niort,46.33,-0.33,61.0,93,2,2.08,FR,clear sky,0.0,0,2020-07-01 03:33:32
579,La Rioja,42.25,-2.5,66.2,88,2,2.8,ES,light rain,0.25,0,2020-07-01 03:33:32
580,Takaka,-40.85,172.8,54.0,61,100,5.99,NZ,overcast clouds,0.0,0,2020-07-01 03:33:32
581,Whitehorse,60.72,-135.05,60.8,48,75,5.82,CA,broken clouds,0.0,0,2020-07-01 03:33:33
582,Shubarshi,48.59,57.19,64.94,46,52,11.16,KZ,light rain,0.19,0,2020-07-01 03:33:33
583,Carutapera,-1.2,-46.02,73.94,92,0,2.82,BR,clear sky,0.0,0,2020-07-01 03:33:33
584,Beringovskiy,63.05,179.32,41.07,96,100,5.21,RU,light rain,0.26,0,2020-07-01 03:30:24
585,Laguna,38.42,-121.42,84.2,28,1,6.93,US,clear sky,0.0,0,2020-07-01 03:33:34
586,Kidal,18.44,1.41,76.93,59,53,4.63,ML,broken clouds,0.0,0,2020-07-01 03:33:34
587,Imbituba,-28.24,-48.67,64.4,59,0,23.04,BR,clear sky,0.0,0,2020-07-01 03:28:36
588,Moron,-34.65,-58.62,48.99,96,100,10.0,AR,overcast clouds,0.0,0,2020-07-01 03:33:35
589,Whitianga,-36.83,175.7,54.0,67,0,3.0,NZ,clear sky,0.0,0,2020-07-01 03:33:35
590,Basco,20.45,121.97,84.56,80,100,12.77,PH,light rain,0.57,0,2020-07-01 03:33:36
